,ID,Position X,Position Y,Position Z,Volume_um3,Position X (voxels),Position Y (voxels),Position Z (voxels),uIntCh_1,uIntCh_2,uIntCh_3,uIntCh_4,SynapseStatus,TerminalStatus,XYZinROI?,CropX,CropY,ZStart,ZEnd,SurfType,SampleID,ImageName,AnimalID,Group,Frequency,NoHCRecon,MaxNormTdTom,AutoTdTStatus,CtrlMedNormVol
0,0,97.581,26.393,9.991,0.461,1576.436,426.378,29,9725.02,12051.9,13560.6,6629.69,Synapse,Positive,Yes,1560.281,410.223,27,31,PostSyn,WSS_030.01,WSS_030.01.T2.01.Zs.4C,T060,Sham,32,15,0.25015997969345555,Positive,1.0745920745920747
1,1,98.914,23.81,13.638,0.128,1597.966,384.661,40,7460.78,10461.1,16161.8,5820.18,Synapse,Negative,Yes,1581.811,368.506,38,42,PostSyn,WSS_030.01,WSS_030.01.T2.01.Zs.4C,T060,Sham,32,15,0.21961450846302863,Negative,0.29836829836829837
2,2,102.305,24.272,7.506,0.701,1652.746,392.124,22,7494.99,13551.1,10863.5,5300.5,Synapse,Uncertain,Yes,1636.591,375.969,20,24,PostSyn,WSS_030.01,WSS_030.01.T2.01.Zs.4C,T060,Sham,32,15,0.20000527511318947,Negative,1.6340326340326339
3,3,100.779,27.27,8.956,0.302,1628.094,440.548,26,5932.73,10726.1,9397.54,4944.91,Synapse,Negative,Yes,1611.939,424.393,24,28,PostSyn,WSS_030.01,WSS_030.01.T2.01.Zs.4C,T060,Sham,32,15,0.18658769643617806,Negative,0.703962703962704
4,4,103.581,25.751,7.598,0.895,1673.36,416.005,22,9355.7,14245.7,10913.2,6786.03,Synapse,Positive,Yes,1657.205,399.85,20,24,PostSyn,WSS_030.01,WSS_030.01.T2.01.Zs.4C,T060,Sham,32,15,0.25605920141050037,Positive,2.0862470862470865
5,5,101.258,25.622,13.488,0.188,1635.832,413.919,40,8155.53,11637.2,12618.3,12373.7,Synapse,Positive,Yes,1619.677,397.764,38,42,PostSyn,WSS_030.01,WSS_030.01.T2.01.Zs.4C,T060,Sham,32,15,0.4669003438671961,Positive,0.4382284382284382
6,6,101.828,25.334,14.469,0.159,1645.04,409.268,43,12163.0,11889.8,18018.699,11093.1,Synapse,Positive,Yes,1628.885,393.113,41,45,PostSyn,WSS_030.01,WSS_030.01.T2.01.Zs.4C,T060,Sham,32,15,0.4185790995864772,Positive,0.3706293706293706
7,8,103.527,24.337,16.873,0.275,1672.488,393.165,50,8123.81,11936.5,31111.199,16347.2,Synapse,Positive,Yes,1656.333,377.01,48,52,PostSyn,WSS_030.01,WSS_030.01.T2.01.Zs.4C,T060,Sham,32,15,0.616833550293431,Positive,0.6410256410256411
8,9,104.921,24.046,14.267,0.254,1695.008,388.465,42,8374.33,11743.3,16084.8,13408.9,Synapse,Positive,Yes,1678.853,372.31,40,44,PostSyn,WSS_030.01,WSS_030.01.T2.01.Zs.4C,T060,Sham,32,15,0.5059618401028669,Positive,0.5920745920745921
9,12,104.591,28.105,8.47,0.85,1689.677,454.047,25,13372.4,13440.3,7758.56,10644.5,Synapse,Positive,Yes,1673.522,437.892,23,27,PostSyn,WSS_030.01,WSS_030.01.T2.01.Zs.4C,T060,Sham,32,15,0.4016519481072249,Positive,1.9813519813519813
10,13,103.606,27.612,13.019,0.287,1673.764,446.078,38,8519.7,11404.0,22321.801,8658.01,Synapse,Uncertain,Yes,1657.609,429.923,36,40,PostSyn,WSS_030.01,WSS_030.01.T2.01.Zs.4C,T060,Sham,32,15,0.32669515554810785,Positive,0.668997668997669
11,14,106.423,26.591,9.774,0.58,1719.273,429.588,29,9398.86,12866.0,7111.46,4160.26,Synapse,Uncertain,Yes,1703.118,413.433,27,31,PostSyn,WSS_030.01,WSS_030.01.T2.01.Zs.4C,T060,Sham,32,15,0.1569802746613334,Negative,1.351981351981352
12,15,105.728,26.672,12.561,0.395,1708.045,430.884,37,9463.06,12395.0,15398.3,9587.14,Synapse,Positive,Yes,1691.89,414.729,35,39,PostSyn,WSS_030.01,WSS_030.01.T2.01.Zs.4C,T060,Sham,32,15,0.36175428228443796,Positive,0.9207459207459208
13,16,108.328,23.497,13.776,0.241,1750.049,379.599,41,7677.48,9808.59,13850.0,7320.7,Synapse,Positive,Yes,1733.894,363.444,39,43,PostSyn,WSS_030.01,WSS_030.01.T2.01.Zs.4C,T060,Sham,32,15,0.27623405669675055,Positive,0.5617715617715617
14,19,110.038,26.117,6.331,0.755,1777.674,421.914,19,6590.37,14203.2,8952.48,5142.32,Synapse,Uncertain,Yes,1761.519,405.759,17,21,PostSyn,WSS_030.01,WSS_030.01.T2.01.Zs.4C,T060,Sham,32,15,0.1940366241524491,Negative,1.75990675990676
15,20,113.122,24.626,8.002,0.568,1827.496,397.84,24,8402.68,13485.3,6397.59,4039.72,Synapse,Negative,Yes,1811.341,381.685,22,26,PostSyn,WSS_030.01,WSS_030.01.T2.01.Zs.4C,T060,Sham,32,15,0.15243190453358244,Negative,1.3240093240093238
16,21,118.447,18.894,11.239,0.299,1913.522,305.241,33,8568.49,9853.7,4494.43,3517.46,Synapse,Negative,Yes,1897.367,289.086,31,35,PostSyn,WSS_030.01,WSS_030.01.T2.01.Zs.4C,T060,Sham,32,15,0.1327253193094311,Negative,0.6969696969696969
17,22,109.964,28.141,10.192,0.43,1776.478,454.625,30,9738.85,12248.8,6523.46,8116.06,Synapse,Uncertain,Yes,1760.323,438.47,28,32,PostSyn,WSS_030.01,WSS_030.01.T2.01.Zs.4C,T060,Sham,32,15,0.30624560194984485,Positive,1.0023310023310024
18,23,117.0,20.832,11.49,0.183,1890.145,336.548,34,6020.73,9081.61,3744.4,3299.89,Synapse,Negative,Yes,1873.99,320.393,32,36,PostSyn,WSS_030.01,WSS_030.01.T2.01.Zs.4C,T060,Sham,32,15,0.12451568857527834,Negative,0.42657342657342656
19,26,110.882,27.712,11.062,0.282,1791.309,447.683,33,7362.98,12285.4,9398.04,10477.1,Synapse,Positive,Yes,1775.154,431.528,31,35,PostSyn,WSS_030.01,WSS_030.01.T2.01.Zs.4C,T060,Sham,32,15,0.3953353962623144,Positive,0.6573426573426573
20,28,111.934,27.998,11.0,0.305,1808.304,452.305,32,10983.2,11450.7,13789.1,8982.0,Synapse,Positive,Yes,1792.149,436.15,30,34,PostSyn,WSS_030.01,WSS_030.01.T2.01.Zs.4C,T060,Sham,32,15,0.3389203624312174,Positive,0.710955710955711
21,29,114.356,26.901,8.512,0.643,1847.431,434.588,25,10213.8,13865.9,8959.34,13121.2,Synapse,Positive,Yes,1831.276,418.433,23,27,PostSyn,WSS_030.01,WSS_030.01.T2.01.Zs.4C,T060,Sham,32,15,0.4951059741185137,Positive,1.4988344988344988
22,30,113.619,27.741,10.957,0.349,1835.525,448.16,32,15315.2,11543.6,9074.8,13610.9,Synapse,Positive,Yes,1819.37,432.005,30,34,PostSyn,WSS_030.01,WSS_030.01.T2.01.Zs.4C,T060,Sham,32,15,0.5135839635955307,Positive,0.8135198135198135
23,32,113.489,29.514,9.404,0.371,1833.425,476.796,28,8987.2,11646.9,10295.9,13941.3,Synapse,Positive,Yes,1817.27,460.641,26,30,PostSyn,WSS_030.01,WSS_030.01.T2.01.Zs.4C,T060,Sham,32,15,0.5260510408330362,Positive,0.8648018648018648
24,33,117.015,25.254,11.165,0.255,1890.388,407.984,33,4301.66,10455.4,5262.62,3888.16,Synapse,Negative,Yes,1874.233,391.829,31,35,PostSyn,WSS_030.01,WSS_030.01.T2.01.Zs.4C,T060,Sham,32,15,0.1467130479170076,Negative,0.5944055944055944
25,34,115.289,26.168,13.965,0.348,1862.504,422.746,41,4024.6,12520.7,16146.6,5154.25,Synapse,Negative,Yes,1846.349,406.591,39,43,PostSyn,WSS_030.01,WSS_030.01.T2.01.Zs.4C,T060,Sham,32,15,0.19448678223793167,Negative,0.8111888111888111
26,40,117.785,28.19,10.392,0.382,1902.827,455.412,31,11827.6,12153.2,14251.1,5021.13,Synapse,Negative,Yes,1886.672,439.257,29,33,PostSyn,WSS_030.01,WSS_030.01.T2.01.Zs.4C,T060,Sham,32,15,0.18946372738969702,Negative,0.8904428904428905
27,43,120.862,24.263,15.111,0.236,1952.536,391.964,44,7661.42,10780.6,11303.0,4334.56,Synapse,Negative,Yes,1936.381,375.809,42,46,PostSyn,WSS_030.01,WSS_030.01.T2.01.Zs.4C,T060,Sham,32,15,0.1635571861701022,Negative,0.5501165501165501
28,44,119.315,28.371,10.755,0.395,1927.544,458.338,32,4170.31,12398.3,16149.9,5186.26,Synapse,Negative,Yes,1911.389,442.183,30,34,PostSyn,WSS_030.01,WSS_030.01.T2.01.Zs.4C,T060,Sham,32,15,0.19569462467852658,Negative,0.9207459207459208
29,47,118.781,29.441,12.786,0.287,1918.918,475.624,38,24057.301,14893.3,14569.4,11267.2,Synapse,Positive,Yes,1902.763,459.469,36,40,PostSyn,WSS_030.01,WSS_030.01.T2.01.Zs.4C,T060,Sham,32,15,0.42514846443832255,Positive,0.668997668997669
30,48,120.959,26.185,16.316,0.217,1954.103,423.024,48,9374.78,10495.1,19153.5,5541.47,Synapse,Uncertain,Yes,1937.948,406.869,46,50,PostSyn,WSS_030.01,WSS_030.01.T2.01.Zs.4C,T060,Sham,32,15,0.20909786470738348,Negative,0.5058275058275058
31,49,120.2,27.605,15.836,0.159,1941.842,445.956,47,7768.73,10861.0,16007.0,8667.87,Synapse,Positive,Yes,1925.687,429.801,45,49,PostSyn,WSS_030.01,WSS_030.01.T2.01.Zs.4C,T060,Sham,32,15,0.32706720573443293,Positive,0.3706293706293706
32,59,94.48,26.98,10.45,0.341,1526.326,435.871,31,14938.4,12625.1,7951.45,15513.8,Synapse,Positive,Yes,1510.171,419.716,29,33,PostSyn,WSS_030.01,WSS_030.01.T2.01.Zs.4C,T060,Sham,32,15,0.5853866308935004,Positive,0.7948717948717949
33,60,98.979,24.033,10.052,0.509,1599.01,388.249,30,7880.25,11603.3,8964.69,5112.13,Synapse,Negative,Yes,1582.855,372.094,28,32,PostSyn,WSS_030.01,WSS_030.01.T2.01.Zs.4C,T060,Sham,32,15,0.19289745628985744,Negative,1.1864801864801866
34,62,102.721,18.14,9.486,0.142,1659.467,293.055,28,8228.38,9874.29,5533.17,3501.11,Synapse,Uncertain,Yes,1643.312,276.9,26,30,PostSyn,WSS_030.01,WSS_030.01.T2.01.Zs.4C,T060,Sham,32,15,0.13210838010594073,Negative,0.33100233100233095
35,63,96.844,25.402,7.351,0.715,1564.525,410.373,22,8315.66,13210.3,9868.86,4715.43,Synapse,Negative,Yes,1548.37,394.218,20,24,PostSyn,WSS_030.01,WSS_030.01.T2.01.Zs.4C,T060,Sham,32,15,0.17792866228223508,Negative,1.6666666666666665
36,65,90.074,29.155,7.879,0.526,1455.158,471.0,23,6917.18,13282.6,6252.04,8184.0,Synapse,Positive,Yes,1439.003,454.845,21,25,PostSyn,WSS_030.01,WSS_030.01.T2.01.Zs.4C,T060,Sham,32,15,0.30880920130673384,Positive,1.2261072261072261
37,66,93.815,23.846,13.243,0.185,1515.588,385.234,39,11660.5,11174.1,13811.9,17336.0,Synapse,Positive,Yes,1499.433,369.079,37,41,PostSyn,WSS_030.01,WSS_030.01.T2.01.Zs.4C,T060,Sham,32,15,0.6541442221228663,Positive,0.43123543123543123
38,67,92.2,28.189,9.306,0.176,1489.502,455.391,27,14486.9,10224.2,7343.08,8311.76,Synapse,Positive,Yes,1473.347,439.236,25,29,PostSyn,WSS_030.01,WSS_030.01.T2.01.Zs.4C,T060,Sham,32,15,0.31363000574942057,Positive,0.41025641025641024
39,68,87.785,29.289,9.702,0.262,1418.178,473.162,29,13101.5,11920.9,7605.33,8767.3,Synapse,Positive,Yes,1402.023,457.007,27,31,PostSyn,WSS_030.01,WSS_030.01.T2.01.Zs.4C,T060,Sham,32,15,0.33081902622391585,Positive,0.6107226107226108
40,71,97.533,18.843,9.385,0.277,1575.648,304.41,28,6705.85,10786.4,8278.73,4678.82,Synapse,Negative,Yes,1559.493,288.255,26,30,PostSyn,WSS_030.01,WSS_030.01.T2.01.Zs.4C,T060,Sham,32,15,0.17654724673240133,Negative,0.6456876456876458
41,72,90.226,26.588,11.312,0.822,1457.607,429.538,33,7676.95,14098.7,14715.7,5557.04,Synapse,Negative,Yes,1441.452,413.383,31,35,PostSyn,WSS_030.01,WSS_030.01.T2.01.Zs.4C,T060,Sham,32,15,0.20968537194887246,Negative,1.916083916083916
42,73,92.603,23.437,12.448,0.28,1496.003,378.63,37,8110.8,12445.5,11993.7,8048.8,Synapse,Positive,Yes,1479.848,362.475,35,39,PostSyn,WSS_030.01,WSS_030.01.T2.01.Zs.4C,T060,Sham,32,15,0.3037076612264955,Positive,0.6526806526806528
43,75,87.346,27.919,11.528,0.19,1411.086,451.029,34,13509.7,12052.9,19391.0,15129.0,Synapse,Positive,Yes,1394.931,434.874,32,36,PostSyn,WSS_030.01,WSS_030.01.T2.01.Zs.4C,T060,Sham,32,15,0.5708668629728221,Positive,0.4428904428904429
44,76,91.555,24.63,9.505,0.331,1479.086,397.895,28,10036.5,11605.5,8546.32,4518.97,Synapse,Negative,Yes,1462.931,381.74,26,30,PostSyn,WSS_030.01,WSS_030.01.T2.01.Zs.4C,T060,Sham,32,15,0.17051558118635032,Negative,0.7715617715617716
45,78,92.455,22.921,9.515,0.454,1493.612,370.289,28,8594.89,10414.8,7602.82,4347.88,Synapse,Negative,Yes,1477.457,354.134,26,30,PostSyn,WSS_030.01,WSS_030.01.T2.01.Zs.4C,T060,Sham,32,15,0.1640597935212026,Negative,1.0582750582750584
46,81,85.728,26.468,13.164,0.21,1384.943,427.591,39,12760.9,11961.8,23253.301,12052.1,Synapse,Positive,Yes,1368.788,411.436,37,41,PostSyn,WSS_030.01,WSS_030.01.T2.01.Zs.4C,T060,Sham,32,15,0.4547653195343215,Positive,0.4895104895104895
47,82,96.316,18.207,8.85,0.213,1555.997,294.131,26,5179.46,11103.7,7978.98,4478.12,Synapse,Negative,Yes,1539.842,277.976,24,28,PostSyn,WSS_030.01,WSS_030.01.T2.01.Zs.4C,T060,Sham,32,15,0.16897417650973984,Negative,0.4965034965034965
48,83,85.765,25.15,14.078,0.328,1385.536,406.296,41,8424.25,13963.1,22082.199,16978.1,Synapse,Positive,Yes,1369.381,390.141,39,43,PostSyn,WSS_030.01,WSS_030.01.T2.01.Zs.4C,T060,Sham,32,15,0.6406394795583892,Positive,0.7645687645687647
49,84,89.68,24.219,8.089,0.569,1448.782,391.267,24,9315.04,12467.1,6736.11,4155.87,Synapse,Negative,Yes,1432.627,375.112,22,26,PostSyn,WSS_030.01,WSS_030.01.T2.01.Zs.4C,T060,Sham,32,15,0.15681462554186412,Negative,1.3263403263403262
50,85,86.667,24.549,15.337,0.383,1400.113,396.593,45,16808.4,12664.7,30320.1,14523.7,Synapse,Positive,Yes,1383.958,380.438,43,47,PostSyn,WSS_030.01,WSS_030.01.T2.01.Zs.4C,T060,Sham,32,15,0.5480269057940629,Positive,0.8927738927738929
51,86,84.107,27.766,8.359,0.596,1358.756,448.559,25,12181.4,14331.2,10555.1,12501.0,Synapse,Positive,Yes,1342.601,432.404,23,27,PostSyn,WSS_030.01,WSS_030.01.T2.01.Zs.4C,T060,Sham,32,15,0.4717037909989589,Positive,1.3892773892773893
52,88,84.275,26.836,11.367,0.797,1361.469,433.544,33,15587.3,14142.6,15357.0,15713.3,Synapse,Positive,Yes,1345.314,417.389,31,35,PostSyn,WSS_030.01,WSS_030.01.T2.01.Zs.4C,T060,Sham,32,15,0.5929144211746212,Positive,1.8578088578088578
53,89,81.622,26.673,7.906,0.522,1318.615,430.91,23,11143.6,12174.9,8294.18,4473.97,Synapse,Negative,Yes,1302.46,414.755,21,25,PostSyn,WSS_030.01,WSS_030.01.T2.01.Zs.4C,T060,Sham,32,15,0.1688175833785787,Negative,1.2167832167832169
54,90,81.71,25.834,11.641,0.466,1320.032,417.352,34,8730.09,12223.0,15054.9,7536.51,Synapse,Positive,Yes,1303.877,401.197,32,36,PostSyn,WSS_030.01,WSS_030.01.T2.01.Zs.4C,T060,Sham,32,15,0.2843772768499771,Positive,1.0862470862470863
55,91,84.691,25.134,12.214,0.316,1368.186,406.044,36,10122.6,13005.7,12261.9,7910.92,Synapse,Positive,Yes,1352.031,389.889,34,38,PostSyn,WSS_030.01,WSS_030.01.T2.01.Zs.4C,T060,Sham,32,15,0.29850499594348323,Positive,0.7365967365967366
56,92,79.814,25.107,14.897,0.319,1289.404,405.612,44,10012.1,10793.8,29177.9,12431.0,Synapse,Positive,Yes,1273.249,389.457,42,46,PostSyn,WSS_030.01,WSS_030.01.T2.01.Zs.4C,T060,Sham,32,15,0.4690624610757586,Positive,0.7435897435897436
57,93,84.134,24.557,7.191,1.97,1359.189,396.727,21,8113.56,18373.801,5137.76,4135.65,Synapse,Negative,Yes,1343.034,380.572,19,23,PostSyn,WSS_030.01,WSS_030.01.T2.01.Zs.4C,T060,Sham,32,15,0.1560516585269054,Negative,4.592074592074592
58,96,80.885,23.156,15.986,0.41,1306.711,374.09,47,6713.14,11694.5,30055.6,20056.0,Synapse,Positive,Yes,1290.556,357.935,45,49,PostSyn,WSS_030.01,WSS_030.01.T2.01.Zs.4C,T060,Sham,32,15,0.756778756281507,Positive,0.9557109557109557
59,97,85.73,21.782,7.469,0.359,1384.969,351.895,22,11937.9,13727.4,7534.4,4973.69,Synapse,Negative,Yes,1368.814,335.74,20,24,PostSyn,WSS_030.01,WSS_030.01.T2.01.Zs.4C,T060,Sham,32,15,0.18767366036745955,Negative,0.8368298368298368
60,98,78.344,26.105,12.27,0.274,1265.662,421.732,36,7339.63,11666.6,15670.6,14496.5,Synapse,Positive,Yes,1249.507,405.577,34,38,PostSyn,WSS_030.01,WSS_030.01.T2.01.Zs.4C,T060,Sham,32,15,0.5470005604524765,Positive,0.6386946386946387
61,99,85.065,20.68,9.671,0.257,1374.226,334.081,28,7450.32,12024.0,5114.72,4272.65,Synapse,Negative,Yes,1358.071,317.926,26,30,PostSyn,WSS_030.01,WSS_030.01.T2.01.Zs.4C,T060,Sham,32,15,0.16122111851945456,Negative,0.5990675990675991
62,101,78.699,26.428,8.004,0.599,1271.391,426.95,24,8068.61,13235.6,9944.34,4285.02,Synapse,Negative,Yes,1255.236,410.795,22,26,PostSyn,WSS_030.01,WSS_030.01.T2.01.Zs.4C,T060,Sham,32,15,0.16168787925016873,Negative,1.3962703962703962
63,102,79.559,23.526,14.702,0.252,1285.281,380.058,43,7801.55,11363.9,22687.9,17698.699,Synapse,Positive,Yes,1269.126,363.903,41,45,PostSyn,WSS_030.01,WSS_030.01.T2.01.Zs.4C,T060,Sham,32,15,0.6678300467202211,Positive,0.5874125874125874
64,103,82.102,23.939,8.212,1.076,1326.362,386.743,24,11856.5,15177.0,8936.66,4759.05,Synapse,Negative,Yes,1310.207,370.588,22,26,PostSyn,WSS_030.01,WSS_030.01.T2.01.Zs.4C,T060,Sham,32,15,0.17957458815723507,Negative,2.5081585081585085
65,104,80.583,18.995,8.851,0.148,1301.822,306.863,26,7119.78,10546.7,6609.88,3886.43,Synapse,Negative,Yes,1285.667,290.708,24,28,PostSyn,WSS_030.01,WSS_030.01.T2.01.Zs.4C,T060,Sham,32,15,0.14664776933461993,Negative,0.34498834498834496
66,105,75.768,23.052,12.12,0.217,1224.032,372.401,36,7842.23,9625.46,7557.85,6588.3,Synapse,Positive,Yes,1207.877,356.246,34,38,PostSyn,WSS_030.01,WSS_030.01.T2.01.Zs.4C,T060,Sham,32,15,0.24859819904315184,Positive,0.5058275058275058
67,106,76.676,25.326,9.552,0.499,1238.711,409.142,28,26428.199,12384.0,10102.5,11876.3,Synapse,Positive,Yes,1222.556,392.987,26,30,PostSyn,WSS_030.01,WSS_030.01.T2.01.Zs.4C,T060,Sham,32,15,0.44813180809862696,Positive,1.1631701631701632
68,107,77.434,21.777,8.425,0.512,1250.948,351.808,25,7344.75,12347.1,5799.63,4196.25,Synapse,Negative,Yes,1234.793,335.653,23,27,PostSyn,WSS_030.01,WSS_030.01.T2.01.Zs.4C,T060,Sham,32,15,0.15833829557470452,Negative,1.1934731934731935
69,110,71.496,24.497,12.423,0.256,1155.029,395.753,37,11094.3,11131.3,9204.4,9247.18,Synapse,Positive,Yes,1138.874,379.598,35,39,PostSyn,WSS_030.01,WSS_030.01.T2.01.Zs.4C,T060,Sham,32,15,0.34892647484599254,Positive,0.5967365967365967
70,113,79.011,17.854,8.072,0.241,1276.43,288.433,24,5890.17,10667.1,6425.63,3811.19,Synapse,Negative,Yes,1260.275,272.278,22,26,PostSyn,WSS_030.01,WSS_030.01.T2.01.Zs.4C,T060,Sham,32,15,0.1438087170000258,Negative,0.5617715617715617
71,116,72.506,21.65,13.674,0.372,1171.336,349.754,40,8806.29,11585.7,16307.8,4813.63,Synapse,Uncertain,Yes,1155.181,333.599,38,42,PostSyn,WSS_030.01,WSS_030.01.T2.01.Zs.4C,T060,Sham,32,15,0.18163407083163896,Negative,0.8671328671328672
72,118,70.393,26.759,6.732,0.658,1137.199,432.289,20,13332.7,14231.4,8882.65,5581.11,Synapse,Uncertain,Yes,1121.044,416.134,18,22,PostSyn,WSS_030.01,WSS_030.01.T2.01.Zs.4C,T060,Sham,32,15,0.2105936121096072,Negative,1.5337995337995338
73,119,69.96,22.959,13.359,0.11,1130.204,370.901,39,11710.1,10101.8,16289.7,11398.7,Synapse,Positive,Yes,1114.049,354.746,37,41,PostSyn,WSS_030.01,WSS_030.01.T2.01.Zs.4C,T060,Sham,32,15,0.4301103913654774,Positive,0.25641025641025644
74,120,69.697,25.952,9.024,0.724,1125.953,419.26,27,10542.6,14358.2,12059.8,14131.0,Synapse,Positive,Yes,1109.798,403.105,25,29,PostSyn,WSS_030.01,WSS_030.01.T2.01.Zs.4C,T060,Sham,32,15,0.5332090449249091,Positive,1.6876456876456876
75,122,70.735,24.86,5.733,0.834,1142.73,401.616,17,11643.2,14792.3,7891.18,4081.89,Synapse,Negative,Yes,1126.575,385.461,15,19,PostSyn,WSS_030.01,WSS_030.01.T2.01.Zs.4C,T060,Sham,32,15,0.15402311714588757,Negative,1.944055944055944
76,125,64.556,27.391,12.16,0.158,1042.905,442.507,36,13340.3,10383.3,11945.1,7994.8,Synapse,Positive,Yes,1026.75,426.352,34,38,PostSyn,WSS_030.01,WSS_030.01.T2.01.Zs.4C,T060,Sham,32,15,0.30167006385716955,Positive,0.3682983682983683
77,127,73.953,20.714,6.586,0.675,1194.724,334.638,19,7260.84,14599.7,7055.92,4342.41,Synapse,Negative,Yes,1178.569,318.483,17,21,PostSyn,WSS_030.01,WSS_030.01.T2.01.Zs.4C,T060,Sham,32,15,0.16385339245434677,Negative,1.5734265734265735
78,128,67.466,23.325,12.706,0.296,1089.922,376.822,37,9319.66,11563.5,12236.6,7772.35,Synapse,Uncertain,Yes,1073.767,360.667,35,39,PostSyn,WSS_030.01,WSS_030.01.T2.01.Zs.4C,T060,Sham,32,15,0.29327629469408517,Positive,0.6899766899766899
79,129,65.172,27.167,11.119,0.381,1052.856,438.88,33,7829.01,10990.2,10458.9,6431.62,Synapse,Negative,Yes,1036.701,422.725,31,35,PostSyn,WSS_030.01,WSS_030.01.T2.01.Zs.4C,T060,Sham,32,15,0.2426861480093372,Positive,0.8881118881118881
80,130,68.516,23.861,11.212,0.671,1106.879,385.469,33,12025.4,12375.0,10198.5,16597.1,Synapse,Positive,Yes,1090.724,369.314,31,35,PostSyn,WSS_030.01,WSS_030.01.T2.01.Zs.4C,T060,Sham,32,15,0.6262630981192561,Positive,1.5641025641025643
81,131,71.143,22.018,5.352,0.831,1149.326,355.696,16,9640.28,15646.7,10821.9,5672.0,Synapse,Uncertain,Yes,1133.171,339.541,14,18,PostSyn,WSS_030.01,WSS_030.01.T2.01.Zs.4C,T060,Sham,32,15,0.2140231903484597,Negative,1.937062937062937
82,132,63.953,27.629,10.142,0.397,1033.17,446.346,30,11029.1,11709.5,12304.9,7840.88,Synapse,Positive,Yes,1017.015,430.191,28,32,PostSyn,WSS_030.01,WSS_030.01.T2.01.Zs.4C,T060,Sham,32,15,0.29586215668889826,Positive,0.9254079254079255
83,133,65.183,25.346,13.773,0.577,1053.044,409.465,41,10539.7,11522.4,20565.6,13568.6,Synapse,Positive,Yes,1036.889,393.31,39,43,PostSyn,WSS_030.01,WSS_030.01.T2.01.Zs.4C,T060,Sham,32,15,0.5119878456562255,Positive,1.3449883449883449
84,134,66.554,23.737,7.654,0.472,1075.192,383.478,23,7584.91,13086.8,4079.36,7609.63,Synapse,Positive,Yes,1059.037,367.323,21,25,PostSyn,WSS_030.01,WSS_030.01.T2.01.Zs.4C,T060,Sham,32,15,0.28713633462118293,Positive,1.1002331002331003
85,135,62.284,27.462,10.875,0.479,1006.207,443.654,32,16427.1,11999.2,6026.49,11829.7,Synapse,Positive,Yes,990.052,427.499,30,34,PostSyn,WSS_030.01,WSS_030.01.T2.01.Zs.4C,T060,Sham,32,15,0.44637343703546795,Positive,1.1165501165501166
86,136,67.37,21.669,13.364,0.18,1088.37,350.058,39,8928.77,10496.9,11767.9,26501.801,Synapse,Positive,Yes,1072.215,333.903,37,41,PostSyn,WSS_030.01,WSS_030.01.T2.01.Zs.4C,T060,Sham,32,15,1.0,Positive,0.4195804195804196
87,137,63.509,23.216,15.281,0.118,1025.995,375.058,45,9167.7,10256.9,22042.9,9013.11,Synapse,Negative,Yes,1009.84,358.903,43,47,PostSyn,WSS_030.01,WSS_030.01.T2.01.Zs.4C,T060,Sham,32,15,0.3400942449156569,Positive,0.27505827505827507
88,138,69.078,20.464,9.033,0.429,1115.966,330.604,27,5794.79,11554.4,4501.23,3498.33,Synapse,Negative,Yes,1099.811,314.449,25,29,PostSyn,WSS_030.01,WSS_030.01.T2.01.Zs.4C,T060,Sham,32,15,0.13200348157470507,Negative,1.0
89,139,63.112,25.482,12.272,0.288,1019.583,411.67,36,9042.12,10709.3,16007.2,9023.44,Synapse,Positive,Yes,1003.428,395.515,34,38,PostSyn,WSS_030.01,WSS_030.01.T2.01.Zs.4C,T060,Sham,32,15,0.34048402974575204,Positive,0.6713286713286712
90,142,65.697,24.542,6.972,0.971,1061.342,396.483,21,8986.58,13784.4,9823.16,4598.4,Synapse,Negative,Yes,1045.187,380.328,19,23,PostSyn,WSS_030.01,WSS_030.01.T2.01.Zs.4C,T060,Sham,32,15,0.17351273598349032,Negative,2.2634032634032635
91,143,71.114,15.266,7.397,0.185,1148.859,246.617,22,7123.62,10519.0,7002.44,4185.57,Synapse,Negative,Yes,1132.704,230.462,20,24,PostSyn,WSS_030.01,WSS_030.01.T2.01.Zs.4C,T060,Sham,32,15,0.15793530409499337,Negative,0.43123543123543123
92,145,65.371,22.147,7.092,0.751,1056.078,357.782,21,13269.4,13253.5,12478.5,4936.65,Synapse,Negative,Yes,1039.923,341.627,19,23,PostSyn,WSS_030.01,WSS_030.01.T2.01.Zs.4C,T060,Sham,32,15,0.18627601950524042,Negative,1.7505827505827507
93,146,64.08,21.547,8.026,0.701,1035.215,348.1,24,10780.6,13441.6,7953.27,4438.15,Synapse,Negative,Yes,1019.06,331.945,22,26,PostSyn,WSS_030.01,WSS_030.01.T2.01.Zs.4C,T060,Sham,32,15,0.16746597712359246,Negative,1.6340326340326339
94,147,60.687,24.571,9.378,0.273,980.402,396.952,28,11145.2,11449.6,10169.7,7014.58,Synapse,Positive,Yes,964.247,380.797,26,30,PostSyn,WSS_030.01,WSS_030.01.T2.01.Zs.4C,T060,Sham,32,15,0.26468314360974937,Positive,0.6363636363636365
95,149,56.203,28.411,8.2,0.18,907.963,458.981,24,9575.79,10159.0,5339.17,8212.72,Synapse,Positive,Yes,891.808,442.826,22,26,PostSyn,WSS_030.01,WSS_030.01.T2.01.Zs.4C,T060,Sham,32,15,0.30989290124093827,Positive,0.4195804195804196
96,150,58.84,24.976,11.101,0.163,950.561,403.483,33,9363.91,10047.5,15683.0,6992.42,Synapse,Positive,Yes,934.406,387.328,31,35,PostSyn,WSS_030.01,WSS_030.01.T2.01.Zs.4C,T060,Sham,32,15,0.2638469740226334,Positive,0.37995337995337997
97,152,57.053,26.015,11.859,0.494,921.703,420.283,35,9486.67,11858.9,19797.199,5502.75,Synapse,Negative,Yes,905.548,404.128,33,37,PostSyn,WSS_030.01,WSS_030.01.T2.01.Zs.4C,T060,Sham,32,15,0.20763683192700752,Negative,1.1515151515151516
98,156,55.165,26.935,9.857,0.313,891.202,435.131,29,12273.8,11094.3,8257.87,7778.46,Synapse,Positive,Yes,875.047,418.976,27,31,PostSyn,WSS_030.01,WSS_030.01.T2.01.Zs.4C,T060,Sham,32,15,0.29350684506309593,Positive,0.7296037296037297
99,157,61.566,20.692,10.641,0.37,994.604,334.278,31,9195.33,12039.7,8704.94,5483.78,Synapse,Negative,Yes,978.449,318.123,29,33,PostSyn,WSS_030.01,WSS_030.01.T2.01.Zs.4C,T060,Sham,32,15,0.20692103151782024,Negative,0.8624708624708625
100,158,56.976,25.995,5.418,0.663,920.448,419.953,16,10864.7,13888.8,8300.24,4426.58,Synapse,Negative,Yes,904.293,403.798,14,18,PostSyn,WSS_030.01,WSS_030.01.T2.01.Zs.4C,T060,Sham,32,15,0.16702940302057206,Negative,1.5454545454545456
101,159,63.971,17.264,9.018,0.198,1033.457,278.898,27,6082.16,10128.3,5247.85,3765.05,Synapse,Negative,Yes,1017.302,262.743,25,29,PostSyn,WSS_030.01,WSS_030.01.T2.01.Zs.4C,T060,Sham,32,15,0.1420677032477906,Negative,0.46153846153846156
102,160,60.412,20.972,7.774,0.101,975.96,338.805,23,1446.45,10529.5,4019.33,5934.73,Unpaired,Positive,Yes,959.805,322.65,21,25,PostSyn,WSS_030.01,WSS_030.01.T2.01.Zs.4C,T060,Sham,32,15,0.22393685621592282,Positive,0.23543123543123545
103,161,59.609,19.711,8.278,0.35,962.989,318.431,24,9252.01,12710.5,6060.77,7632.62,Synapse,Positive,Yes,946.834,302.276,22,26,PostSyn,WSS_030.01,WSS_030.01.T2.01.Zs.4C,T060,Sham,32,15,0.28800382283453113,Positive,0.8158508158508158
104,162,54.226,24.244,11.432,0.308,876.026,391.672,34,11695.9,12021.9,13856.0,12038.2,Synapse,Positive,Yes,859.871,375.517,32,36,PostSyn,WSS_030.01,WSS_030.01.T2.01.Zs.4C,T060,Sham,32,15,0.45424082687814316,Positive,0.717948717948718
105,163,54.168,25.741,9.157,0.399,875.087,415.847,27,21221.6,11892.3,13056.9,5771.89,Synapse,Negative,Yes,858.932,399.692,25,29,PostSyn,WSS_030.01,WSS_030.01.T2.01.Zs.4C,T060,Sham,32,15,0.21779236814886657,Negative,0.9300699300699301
106,164,54.387,24.236,6.374,0.57,878.63,391.528,19,10592.0,12287.2,8634.11,4212.79,Synapse,Negative,Yes,862.475,375.373,17,21,PostSyn,WSS_030.01,WSS_030.01.T2.01.Zs.4C,T060,Sham,32,15,0.15896240410227214,Negative,1.3286713286713285
107,165,53.272,23.747,11.05,0.115,860.607,383.627,33,8065.04,11770.0,10319.6,12097.8,Synapse,Positive,Yes,844.452,367.472,31,35,PostSyn,WSS_030.01,WSS_030.01.T2.01.Zs.4C,T060,Sham,32,15,0.4564897306413251,Positive,0.2680652680652681
108,166,58.074,20.639,8.24,0.653,938.189,333.425,24,3344.74,14928.2,14218.5,7720.53,Unpaired,Uncertain,Yes,922.034,317.27,22,26,PostSyn,WSS_030.01,WSS_030.01.T2.01.Zs.4C,T060,Sham,32,15,0.29132095588522455,Positive,1.5221445221445222
109,167,51.73,25.18,9.033,0.483,835.704,406.788,27,11425.9,11851.0,8617.93,8297.34,Synapse,Positive,Yes,819.549,390.633,25,29,PostSyn,WSS_030.01,WSS_030.01.T2.01.Zs.4C,T060,Sham,32,15,0.3130858917852413,Positive,1.1258741258741258
110,168,57.591,21.189,5.048,0.834,930.386,342.304,15,12039.6,14975.5,12391.4,5929.02,Synapse,Negative,Yes,914.231,326.149,13,17,PostSyn,WSS_030.01,WSS_030.01.T2.01.Zs.4C,T060,Sham,32,15,0.22372139916075895,Positive,1.944055944055944
111,170,50.759,24.196,11.035,0.43,820.011,390.893,32,12969.6,11356.1,12510.6,9171.4,Synapse,Positive,Yes,803.856,374.738,30,34,PostSyn,WSS_030.01,WSS_030.01.T2.01.Zs.4C,T060,Sham,32,15,0.3460670465377051,Positive,1.0023310023310024
112,172,48.583,28.167,7.357,0.165,784.856,455.037,22,20886.301,13026.3,6456.75,11604.7,Synapse,Positive,Yes,768.701,438.882,20,24,PostSyn,WSS_030.01,WSS_030.01.T2.01.Zs.4C,T060,Sham,32,15,0.4378834479966098,Positive,0.38461538461538464
113,173,47.507,26.216,11.153,0.484,767.473,423.528,33,8739.57,12214.9,11426.0,8851.03,Synapse,Positive,Yes,751.318,407.373,31,35,PostSyn,WSS_030.01,WSS_030.01.T2.01.Zs.4C,T060,Sham,32,15,0.33397843414490963,Positive,1.1282051282051282
114,174,47.869,27.198,7.621,0.465,773.326,439.381,22,11793.3,13719.1,10089.5,13084.8,Synapse,Positive,Yes,757.171,423.226,20,24,PostSyn,WSS_030.01,WSS_030.01.T2.01.Zs.4C,T060,Sham,32,15,0.4937324825584495,Positive,1.083916083916084
115,175,48.906,26.627,8.822,0.516,790.074,430.166,26,15810.4,13223.0,12952.9,10274.1,Synapse,Positive,Yes,773.919,414.011,24,28,PostSyn,WSS_030.01,WSS_030.01.T2.01.Zs.4C,T060,Sham,32,15,0.3876755394850335,Positive,1.202797202797203
116,176,45.008,28.776,7.056,0.401,727.115,464.884,21,9995.07,13085.4,8334.65,8971.54,Synapse,Positive,Yes,710.96,448.729,19,23,PostSyn,WSS_030.01,WSS_030.01.T2.01.Zs.4C,T060,Sham,32,15,0.3385256722741221,Positive,0.9347319347319348
117,178,44.628,29.751,8.82,0.317,720.971,480.627,26,5581.39,11332.0,15052.5,9966.19,Synapse,Positive,Yes,704.816,464.472,24,28,PostSyn,WSS_030.01,WSS_030.01.T2.01.Zs.4C,T060,Sham,32,15,0.3760570838185677,Positive,0.738927738927739
118,180,48.428,26.333,4.615,1.112,782.359,425.41,14,2036.66,15568.3,8941.51,4226.44,Unpaired,Negative,Yes,766.204,409.255,12,16,PostSyn,WSS_030.01,WSS_030.01.T2.01.Zs.4C,T060,Sham,32,15,0.15947746343729619,Negative,2.5920745920745922
119,181,50.956,24.072,2.818,0.49,823.197,388.889,8,1612.84,13171.9,4773.8,3440.01,Unpaired,Negative,Yes,807.042,372.734,6,10,PostSyn,WSS_030.01,WSS_030.01.T2.01.Zs.4C,T060,Sham,32,15,0.12980287641583305,Negative,1.1421911421911422
120,182,50.945,21.674,7.5,0.55,823.021,350.142,22,4867.26,13589.2,4553.6,3624.32,Synapse,Negative,Yes,806.866,333.987,20,24,PostSyn,WSS_030.01,WSS_030.01.T2.01.Zs.4C,T060,Sham,32,15,0.13675749810361945,Negative,1.2820512820512822
121,184,43.35,29.927,5.465,0.168,700.321,483.48,16,2254.16,10600.6,8019.24,6921.21,Unpaired,Positive,Yes,684.166,467.325,14,18,PostSyn,WSS_030.01,WSS_030.01.T2.01.Zs.4C,T060,Sham,32,15,0.2611599868250464,Positive,0.3916083916083916
122,185,47.454,22.812,11.743,0.24,766.622,368.523,35,17177.0,12541.5,11414.6,11557.6,Synapse,Positive,Yes,750.467,352.368,33,37,PostSyn,WSS_030.01,WSS_030.01.T2.01.Zs.4C,T060,Sham,32,15,0.4361062102911421,Positive,0.5594405594405595
123,186,44.609,27.924,6.398,0.375,720.664,451.123,19,7136.97,12645.1,7323.4,7418.21,Synapse,Positive,Yes,704.509,434.968,17,21,PostSyn,WSS_030.01,WSS_030.01.T2.01.Zs.4C,T060,Sham,32,15,0.2799134292797686,Positive,0.8741258741258742
124,187,48.45,21.847,12.946,0.439,782.708,352.942,38,8356.83,13323.3,17069.5,13723.8,Synapse,Positive,Yes,766.553,336.787,36,40,PostSyn,WSS_030.01,WSS_030.01.T2.01.Zs.4C,T060,Sham,32,15,0.5178440514288066,Positive,1.0233100233100234
125,189,49.73,23.182,3.527,0.861,803.389,374.502,10,13706.7,17231.5,8152.11,4491.51,Synapse,Negative,Yes,787.234,358.347,8,12,PostSyn,WSS_030.01,WSS_030.01.T2.01.Zs.4C,T060,Sham,32,15,0.16947942519076345,Negative,2.006993006993007
126,190,46.806,23.515,10.661,0.207,756.16,379.889,31,14514.7,12259.9,12003.1,11901.6,Synapse,Positive,Yes,740.005,363.734,29,33,PostSyn,WSS_030.01,WSS_030.01.T2.01.Zs.4C,T060,Sham,32,15,0.4490864601994408,Positive,0.4825174825174825
127,191,43.817,26.928,5.407,0.388,707.874,435.031,16,6410.7,12731.6,16373.6,3706.71,Synapse,Uncertain,Yes,691.719,418.876,14,18,PostSyn,WSS_030.01,WSS_030.01.T2.01.Zs.4C,T060,Sham,32,15,0.1398663434232262,Negative,0.9044289044289044
128,192,47.836,19.975,14.025,0.406,772.795,322.704,41,7397.81,11579.5,13223.1,11458.2,Synapse,Positive,Yes,756.64,306.549,39,43,PostSyn,WSS_030.01,WSS_030.01.T2.01.Zs.4C,T060,Sham,32,15,0.4323555218001977,Positive,0.9463869463869464
129,193,47.622,24.541,3.272,0.753,769.341,396.459,10,13927.2,15300.0,11691.4,4944.36,Synapse,Negative,Yes,753.186,380.304,8,12,PostSyn,WSS_030.01,WSS_030.01.T2.01.Zs.4C,T060,Sham,32,15,0.18656694312963862,Negative,1.7552447552447552
130,194,40.175,29.242,6.22,0.602,649.024,472.399,18,7588.62,12813.2,11106.1,7205.45,Synapse,Positive,Yes,632.869,456.244,16,20,PostSyn,WSS_030.01,WSS_030.01.T2.01.Zs.4C,T060,Sham,32,15,0.2718852956446243,Positive,1.4032634032634033
131,196,39.309,28.703,11.123,0.126,635.045,463.695,33,9677.89,12793.1,22570.9,12656.6,Synapse,Positive,Yes,618.89,447.54,31,35,PostSyn,WSS_030.01,WSS_030.01.T2.01.Zs.4C,T060,Sham,32,15,0.47757509008538707,Positive,0.2937062937062937
132,197,38.312,28.492,10.526,0.974,618.934,460.291,31,12171.0,14851.3,15785.7,8325.56,Synapse,Positive,Yes,602.779,444.136,29,33,PostSyn,WSS_030.01,WSS_030.01.T2.01.Zs.4C,T060,Sham,32,15,0.3141507250771372,Positive,2.2703962703962706
133,198,46.865,21.137,5.836,0.545,757.11,341.464,17,13194.7,15193.7,11830.8,6391.96,Synapse,Negative,Yes,740.955,325.309,15,19,PostSyn,WSS_030.01,WSS_030.01.T2.01.Zs.4C,T060,Sham,32,15,0.24118964594142112,Positive,1.2703962703962706
134,199,42.919,26.097,6.444,0.826,693.365,421.601,19,7299.05,14310.7,9525.84,4643.8,Synapse,Negative,Yes,677.21,405.446,17,21,PostSyn,WSS_030.01,WSS_030.01.T2.01.Zs.4C,T060,Sham,32,15,0.17522582710510884,Negative,1.9254079254079253
135,200,48.759,16.289,6.543,0.722,787.711,263.152,19,6953.86,13958.6,10140.6,4610.86,Synapse,Positive,Yes,771.556,246.997,17,21,PostSyn,WSS_030.01,WSS_030.01.T2.01.Zs.4C,T060,Sham,32,15,0.17398289270981998,Negative,1.682983682983683
136,201,45.277,20.608,8.004,0.698,731.449,332.916,24,8081.72,15212.2,6277.11,4800.25,Synapse,Negative,Yes,715.294,316.761,22,26,PostSyn,WSS_030.01,WSS_030.01.T2.01.Zs.4C,T060,Sham,32,15,0.1811291994834615,Negative,1.627039627039627
137,202,38.995,26.438,12.733,0.509,629.964,427.102,37,8344.94,12374.8,28853.6,6158.62,Synapse,Negative,Yes,613.809,410.947,35,39,PostSyn,WSS_030.01,WSS_030.01.T2.01.Zs.4C,T060,Sham,32,15,0.23238496130885594,Positive,1.1864801864801866
138,203,39.862,23.172,8.612,0.606,643.982,374.351,25,9290.03,13430.1,8178.68,10576.1,Synapse,Positive,Yes,627.827,358.196,23,27,PostSyn,WSS_030.01,WSS_030.01.T2.01.Zs.4C,T060,Sham,32,15,0.399070991439412,Positive,1.4125874125874125
139,205,39.195,25.322,7.975,0.697,633.207,409.086,23,10857.8,14306.4,9902.42,8726.58,Synapse,Positive,Yes,617.052,392.931,21,25,PostSyn,WSS_030.01,WSS_030.01.T2.01.Zs.4C,T060,Sham,32,15,0.32928252687430565,Positive,1.6247086247086246
140,206,37.133,25.876,2.975,0.212,599.892,418.024,9,1688.96,11011.6,4515.41,3794.26,Unpaired,Negative,Yes,583.737,401.869,7,11,PostSyn,WSS_030.01,WSS_030.01.T2.01.Zs.4C,T060,Sham,32,15,0.14316989249145748,Negative,0.49417249417249415
141,208,37.597,24.757,10.283,0.602,607.386,399.958,30,12167.3,12615.9,13933.2,6101.99,Synapse,Negative,Yes,591.231,383.803,28,32,PostSyn,WSS_030.01,WSS_030.01.T2.01.Zs.4C,T060,Sham,32,15,0.2302481254009869,Positive,1.4032634032634033
142,209,36.174,23.354,10.486,0.554,584.394,377.292,31,10504.8,12330.5,9505.38,20091.9,Synapse,Positive,Yes,568.239,361.137,29,33,PostSyn,WSS_030.01,WSS_030.01.T2.01.Zs.4C,T060,Sham,32,15,0.7581333811992628,Positive,1.2913752913752916
143,210,37.165,25.048,4.975,0.526,600.404,404.659,15,8312.99,13836.4,7606.5,8706.04,Synapse,Positive,Yes,584.249,388.504,13,17,PostSyn,WSS_030.01,WSS_030.01.T2.01.Zs.4C,T060,Sham,32,15,0.32850748520826945,Positive,1.2261072261072261
144,211,34.524,26.942,6.463,0.29,557.732,435.244,19,17899.5,14750.6,4936.67,18325.699,Synapse,Positive,Yes,541.577,419.089,17,21,PostSyn,WSS_030.01,WSS_030.01.T2.01.Zs.4C,T060,Sham,32,15,0.6914888161751724,Positive,0.675990675990676
145,212,33.874,26.008,7.276,0.424,547.244,420.16,21,24868.801,14206.2,10990.9,18734.301,Synapse,Positive,Yes,531.089,404.005,19,23,PostSyn,WSS_030.01,WSS_030.01.T2.01.Zs.4C,T060,Sham,32,15,0.706906711736308,Positive,0.9883449883449883
146,214,39.011,19.836,10.42,0.215,630.225,320.444,31,2070.69,11160.1,9544.36,5861.05,Unpaired,Negative,Yes,614.07,304.289,29,33,PostSyn,WSS_030.01,WSS_030.01.T2.01.Zs.4C,T060,Sham,32,15,0.22115666780533144,Positive,0.5011655011655012
147,215,33.79,23.992,9.218,0.503,545.876,387.596,27,11472.5,14036.8,8760.55,12352.4,Synapse,Positive,Yes,529.721,371.441,25,29,PostSyn,WSS_030.01,WSS_030.01.T2.01.Zs.4C,T060,Sham,32,15,0.4660966249048508,Positive,1.1724941724941724
148,216,32.023,25.767,8.72,0.146,517.331,416.276,26,4212.7,12140.0,9865.88,13493.7,Synapse,Positive,Yes,501.176,400.121,24,28,PostSyn,WSS_030.01,WSS_030.01.T2.01.Zs.4C,T060,Sham,32,15,0.5091616226384011,Positive,0.3403263403263403
149,217,35.978,21.022,12.534,0.194,581.22,339.62,37,11245.3,11172.4,10230.8,11024.4,Synapse,Positive,Yes,565.065,323.465,35,39,PostSyn,WSS_030.01,WSS_030.01.T2.01.Zs.4C,T060,Sham,32,15,0.41598682293327915,Positive,0.4522144522144522
150,218,31.257,26.609,8.377,0.85,504.968,429.869,25,14418.1,14177.6,9153.33,12414.8,Synapse,Positive,Yes,488.813,413.714,23,27,PostSyn,WSS_030.01,WSS_030.01.T2.01.Zs.4C,T060,Sham,32,15,0.46845118186496076,Positive,1.9813519813519813
151,219,34.947,25.005,3.982,1.227,564.58,403.955,12,10451.2,17290.801,8353.71,4665.47,Synapse,Negative,Yes,548.425,387.8,10,14,PostSyn,WSS_030.01,WSS_030.01.T2.01.Zs.4C,T060,Sham,32,15,0.17604350738276242,Negative,2.8601398601398604
152,220,37.186,22.608,4.156,0.851,600.75,365.236,12,12415.1,16069.5,8863.65,4098.1,Synapse,Negative,Yes,584.595,349.081,10,14,PostSyn,WSS_030.01,WSS_030.01.T2.01.Zs.4C,T060,Sham,32,15,0.15463477368953152,Negative,1.9836829836829837
153,221,28.465,27.268,10.379,0.386,459.853,440.52,31,14193.0,12254.9,14186.8,11055.7,Synapse,Positive,Yes,443.698,424.365,29,33,PostSyn,WSS_030.01,WSS_030.01.T2.01.Zs.4C,T060,Sham,32,15,0.4171678747417959,Positive,0.8997668997668998
154,222,30.409,25.571,11.469,0.385,491.258,413.099,34,11368.9,11578.5,9968.8,17484.699,Synapse,Positive,Yes,475.103,396.944,32,36,PostSyn,WSS_030.01,WSS_030.01.T2.01.Zs.4C,T060,Sham,32,15,0.6597551238121515,Positive,0.8974358974358975
155,223,36.39,21.466,6.332,0.442,587.884,346.779,19,8678.15,14903.2,13477.0,6759.81,Synapse,Uncertain,Yes,571.729,330.624,17,21,PostSyn,WSS_030.01,WSS_030.01.T2.01.Zs.4C,T060,Sham,32,15,0.2550698346878388,Positive,1.0303030303030303
156,225,27.745,27.685,9.628,0.302,448.225,447.254,28,13342.5,12768.1,15602.0,13694.8,Synapse,Positive,Yes,432.07,431.099,26,30,PostSyn,WSS_030.01,WSS_030.01.T2.01.Zs.4C,T060,Sham,32,15,0.5167497861749094,Positive,0.703962703962704
157,226,27.293,28.556,8.213,0.323,440.924,461.323,24,24093.199,12459.2,7441.54,15043.1,Synapse,Positive,Yes,424.769,445.168,22,26,PostSyn,WSS_030.01,WSS_030.01.T2.01.Zs.4C,T060,Sham,32,15,0.5676255738242092,Positive,0.752913752913753
158,227,33.48,19.946,12.732,0.168,540.869,322.229,37,6878.35,10547.6,10360.9,7359.16,Synapse,Positive,Yes,524.714,306.074,35,39,PostSyn,WSS_030.01,WSS_030.01.T2.01.Zs.4C,T060,Sham,32,15,0.27768527882312605,Positive,0.3916083916083916
159,228,32.443,23.29,7.235,0.438,524.121,376.258,21,9502.77,12921.3,7875.0,4880.39,Synapse,Negative,Yes,507.966,360.103,19,23,PostSyn,WSS_030.01,WSS_030.01.T2.01.Zs.4C,T060,Sham,32,15,0.18415314491267973,Negative,1.020979020979021
160,231,34.122,20.673,7.816,0.604,551.237,333.977,23,7585.6,14070.9,6915.13,4760.8,Synapse,Negative,Yes,535.082,317.822,21,25,PostSyn,WSS_030.01,WSS_030.01.T2.01.Zs.4C,T060,Sham,32,15,0.17964062140531506,Negative,1.407925407925408
161,232,30.624,24.854,6.427,0.638,494.738,401.515,19,8792.6,14449.9,7107.19,6509.44,Synapse,Uncertain,Yes,478.583,385.36,17,21,PostSyn,WSS_030.01,WSS_030.01.T2.01.Zs.4C,T060,Sham,32,15,0.24562255221824358,Positive,1.4871794871794872
162,233,31.524,20.335,8.306,0.655,509.278,328.514,24,5391.74,12191.1,4557.16,3541.85,Synapse,Negative,Yes,493.123,312.359,22,26,PostSyn,WSS_030.01,WSS_030.01.T2.01.Zs.4C,T060,Sham,32,15,0.1336456341212433,Negative,1.526806526806527
163,234,27.046,23.775,12.127,0.562,436.932,384.084,36,7625.71,12724.9,16068.8,5754.25,Synapse,Negative,Yes,420.777,367.929,34,38,PostSyn,WSS_030.01,WSS_030.01.T2.01.Zs.4C,T060,Sham,32,15,0.2171267530082201,Negative,1.31002331002331
164,237,21.317,30.229,6.848,0.655,344.376,488.355,20,8096.46,13716.0,9593.76,13006.4,Synapse,Positive,Yes,328.221,472.2,18,22,PostSyn,WSS_030.01,WSS_030.01.T2.01.Zs.4C,T060,Sham,32,15,0.4907741930444652,Positive,1.526806526806527
165,239,28.022,23.494,4.459,0.841,452.701,379.546,13,9995.62,16115.1,12085.5,5398.77,Synapse,Uncertain,Yes,436.546,363.391,11,15,PostSyn,WSS_030.01,WSS_030.01.T2.01.Zs.4C,T060,Sham,32,15,0.20371332499251657,Negative,1.9603729603729603
166,240,22.625,26.782,10.78,0.438,365.501,432.659,32,11977.6,13470.5,17994.6,9082.57,Synapse,Positive,Yes,349.346,416.504,30,34,PostSyn,WSS_030.01,WSS_030.01.T2.01.Zs.4C,T060,Sham,32,15,0.34271519886516394,Positive,1.020979020979021
167,241,27.037,24.731,5.652,0.838,436.785,399.53,17,9255.38,16132.1,7783.78,4150.17,Synapse,Negative,Yes,420.63,383.375,15,19,PostSyn,WSS_030.01,WSS_030.01.T2.01.Zs.4C,T060,Sham,32,15,0.15659954581954638,Negative,1.9533799533799534
168,242,35.065,14.71,6.314,0.497,566.477,237.649,19,8914.26,11787.2,9096.26,4146.24,Synapse,Uncertain,Yes,550.322,221.494,17,21,PostSyn,WSS_030.01,WSS_030.01.T2.01.Zs.4C,T060,Sham,32,15,0.156451254011001,Negative,1.1585081585081585
169,245,19.421,28.943,5.378,0.286,313.754,467.58,16,13656.3,13268.2,10701.3,12107.8,Synapse,Positive,Yes,297.599,451.425,14,18,PostSyn,WSS_030.01,WSS_030.01.T2.01.Zs.4C,T060,Sham,32,15,0.45686706348749656,Positive,0.6666666666666666
170,246,26.085,21.602,7.269,0.154,421.407,348.985,21,7490.87,11310.0,4320.77,10583.7,Synapse,Positive,Yes,405.252,332.83,19,23,PostSyn,WSS_030.01,WSS_030.01.T2.01.Zs.4C,T060,Sham,32,15,0.3993577644025023,Positive,0.358974358974359
171,247,17.802,30.629,8.646,0.345,287.599,494.813,25,21566.1,13614.1,6200.02,18488.1,Synapse,Positive,Yes,271.444,478.658,23,27,PostSyn,WSS_030.01,WSS_030.01.T2.01.Zs.4C,T060,Sham,32,15,0.6976167393302817,Positive,0.8041958041958042
172,249,22.209,25.825,5.454,1.005,358.79,417.21,16,9360.05,15643.7,6363.41,4142.78,Synapse,Negative,Yes,342.635,401.055,14,18,PostSyn,WSS_030.01,WSS_030.01.T2.01.Zs.4C,T060,Sham,32,15,0.15632069684622565,Negative,2.3426573426573425
173,250,23.09,23.774,9.801,0.607,373.016,384.079,29,3242.84,12866.7,7492.3,4601.22,Synapse,Negative,Yes,356.861,367.924,27,31,PostSyn,WSS_030.01,WSS_030.01.T2.01.Zs.4C,T060,Sham,32,15,0.17361914384611069,Negative,1.4149184149184149
174,251,28.087,17.716,6.247,0.429,453.74,286.207,18,7000.05,12252.2,9710.79,4580.35,Synapse,Uncertain,Yes,437.585,270.052,16,20,PostSyn,WSS_030.01,WSS_030.01.T2.01.Zs.4C,T060,Sham,32,15,0.17283165019615085,Negative,1.0
175,252,18.428,25.771,11.05,0.275,297.712,416.328,33,10817.8,13509.1,20356.4,11648.2,Synapse,Positive,Yes,281.557,400.173,31,35,PostSyn,WSS_030.01,WSS_030.01.T2.01.Zs.4C,T060,Sham,32,15,0.43952484587745566,Positive,0.6410256410256411
176,254,16.969,26.956,9.129,0.495,274.144,435.477,27,9806.21,14185.3,11257.4,4717.74,Synapse,Negative,Yes,257.989,419.322,25,29,PostSyn,WSS_030.01,WSS_030.01.T2.01.Zs.4C,T060,Sham,32,15,0.17801582616970069,Negative,1.153846153846154
177,255,14.562,30.117,7.266,0.445,235.249,486.549,21,13944.7,12832.4,10495.9,14069.8,Synapse,Positive,Yes,219.094,470.394,19,23,PostSyn,WSS_030.01,WSS_030.01.T2.01.Zs.4C,T060,Sham,32,15,0.5308997679063396,Positive,1.0372960372960374
178,256,19.592,26.7,3.858,0.754,316.517,431.344,11,10178.7,16541.4,10775.0,4238.15,Synapse,Negative,Yes,300.362,415.189,9,13,PostSyn,WSS_030.01,WSS_030.01.T2.01.Zs.4C,T060,Sham,32,15,0.159919320200163,Negative,1.7575757575757576
179,258,19.151,25.544,4.564,0.974,309.391,412.662,13,10785.2,17150.801,11596.9,5608.8,Synapse,Negative,Yes,293.236,396.507,11,15,PostSyn,WSS_030.01,WSS_030.01.T2.01.Zs.4C,T060,Sham,32,15,0.21163844676065602,Negative,2.2703962703962706
180,259,21.269,23.596,6.344,0.615,343.607,381.202,19,4542.11,16302.3,4256.23,3308.62,Synapse,Negative,Yes,327.452,365.047,17,21,PostSyn,WSS_030.01,WSS_030.01.T2.01.Zs.4C,T060,Sham,32,15,0.12484510014998604,Negative,1.4335664335664335
181,262,14.906,29.161,5.121,0.676,240.814,471.097,15,14795.9,13549.4,6806.02,7017.22,Synapse,Positive,Yes,224.659,454.942,13,17,PostSyn,WSS_030.01,WSS_030.01.T2.01.Zs.4C,T060,Sham,32,15,0.26478275948113866,Positive,1.575757575757576
182,263,14.899,27.393,5.317,0.611,240.698,442.543,16,6185.22,13873.6,7928.72,4644.59,Synapse,Uncertain,Yes,224.543,426.388,14,18,PostSyn,WSS_030.01,WSS_030.01.T2.01.Zs.4C,T060,Sham,32,15,0.17525563639995637,Negative,1.4242424242424243
183,264,18.615,23.306,6.786,0.571,300.722,376.507,20,11747.0,17029.801,11736.5,5844.54,Synapse,Uncertain,Yes,284.567,360.352,18,22,PostSyn,WSS_030.01,WSS_030.01.T2.01.Zs.4C,T060,Sham,32,15,0.22053369127630232,Positive,1.331002331002331
184,265,15.163,26.397,9.004,0.238,244.952,426.454,26,7283.91,10501.0,10084.8,10642.4,Synapse,Positive,Yes,228.797,410.299,24,28,PostSyn,WSS_030.01,WSS_030.01.T2.01.Zs.4C,T060,Sham,32,15,0.40157270820952884,Positive,0.5547785547785548
185,266,14.191,22.886,11.722,0.419,229.252,369.722,34,8446.4,11919.0,14143.7,9643.36,Synapse,Positive,Yes,213.097,353.567,32,36,PostSyn,WSS_030.01,WSS_030.01.T2.01.Zs.4C,T060,Sham,32,15,0.363875647545614,Positive,0.9766899766899767
186,269,12.282,26.943,3.27,0.571,198.415,435.27,10,10756.0,14580.7,7024.52,5046.43,Synapse,Positive,Yes,182.26,419.115,8,12,PostSyn,WSS_030.01,WSS_030.01.T2.01.Zs.4C,T060,Sham,32,15,0.19041837949051088,Negative,1.331002331002331
187,273,9.834,27.326,8.256,0.661,158.873,441.447,24,13191.3,13543.7,12416.9,4794.38,Synapse,Negative,Yes,142.718,425.292,22,26,PostSyn,WSS_030.01,WSS_030.01.T2.01.Zs.4C,T060,Sham,32,15,0.1809077051027589,Negative,1.540792540792541
188,274,14.165,23.752,6.95,0.645,228.829,383.719,20,4505.12,13005.9,5859.52,4003.52,Synapse,Negative,Yes,212.674,367.564,18,22,PostSyn,WSS_030.01,WSS_030.01.T2.01.Zs.4C,T060,Sham,32,15,0.15106595963044173,Negative,1.5034965034965035
189,275,12.792,24.849,4.523,0.908,206.654,401.433,13,6508.07,15509.9,8973.83,5637.75,Synapse,Uncertain,Yes,190.499,385.278,11,15,PostSyn,WSS_030.01,WSS_030.01.T2.01.Zs.4C,T060,Sham,32,15,0.21273082535032242,Negative,2.116550116550117
190,279,10.582,23.642,11.107,0.278,170.956,381.947,33,12655.6,11789.5,13900.8,11157.4,Synapse,Positive,Yes,154.801,365.792,31,35,PostSyn,WSS_030.01,WSS_030.01.T2.01.Zs.4C,T060,Sham,32,15,0.4210053497873597,Positive,0.6480186480186481
191,280,10.087,27.002,4.889,0.446,162.95,436.213,14,16685.301,13135.3,7206.75,4105.68,Synapse,Negative,Yes,146.795,420.058,12,16,PostSyn,WSS_030.01,WSS_030.01.T2.01.Zs.4C,T060,Sham,32,15,0.1549207919869295,Negative,1.0396270396270397
192,284,13.239,18.537,8.196,0.313,213.871,299.472,24,1518.16,11472.7,7172.53,4083.79,Unpaired,Negative,Yes,197.716,283.317,22,26,PostSyn,WSS_030.01,WSS_030.01.T2.01.Zs.4C,T060,Sham,32,15,0.15409481038666015,Negative,0.7296037296037297
193,286,10.638,22.501,7.249,0.356,171.855,363.512,21,11106.8,13773.4,13929.3,7404.93,Synapse,Negative,Yes,155.7,347.357,19,23,PostSyn,WSS_030.01,WSS_030.01.T2.01.Zs.4C,T060,Sham,32,15,0.2794123312600529,Positive,0.8298368298368298
194,297,11.041,31.074,6.184,0.72,178.372,502.0,18,17539.801,16121.1,8553.5,18475.0,Synapse,Positive,Yes,162.217,485.845,16,20,PostSyn,WSS_030.01,WSS_030.01.T2.01.Zs.4C,T060,Sham,32,15,0.6971224333017971,Positive,1.6783216783216783
195,298,11.943,32.178,5.467,0.755,192.939,519.832,16,13808.0,14983.2,6748.49,13521.9,Synapse,Positive,Yes,176.784,503.677,14,18,PostSyn,WSS_030.01,WSS_030.01.T2.01.Zs.4C,T060,Sham,32,15,0.5102257012646046,Positive,1.75990675990676
196,299,11.465,31.742,6.785,0.619,185.22,512.8,20,15605.0,15200.9,7565.8,18758.4,Synapse,Positive,Yes,169.065,496.645,18,22,PostSyn,WSS_030.01,WSS_030.01.T2.01.Zs.4C,T060,Sham,32,15,0.7078160461622968,Positive,1.442890442890443
197,300,13.625,30.636,4.753,1.052,220.12,494.922,14,11781.5,14675.6,7084.57,7464.32,Synapse,Positive,Yes,203.965,478.767,12,16,PostSyn,WSS_030.01,WSS_030.01.T2.01.Zs.4C,T060,Sham,32,15,0.28165331103346525,Positive,2.4522144522144522
198,301,13.336,30.622,6.97,0.586,215.438,494.693,20,14873.0,13184.6,8789.01,6941.05,Synapse,Uncertain,Yes,199.283,478.538,18,22,PostSyn,WSS_030.01,WSS_030.01.T2.01.Zs.4C,T060,Sham,32,15,0.26190861519185055,Positive,1.365967365967366
199,303,17.571,28.902,7.122,0.574,283.868,466.911,21,18917.6,15331.9,16604.801,9205.63,Synapse,Positive,Yes,267.713,450.756,19,23,PostSyn,WSS_030.01,WSS_030.01.T2.01.Zs.4C,T060,Sham,32,15,0.34735865687015005,Positive,1.337995337995338
200,304,18.119,29.695,7.823,0.312,292.711,479.719,23,30946.301,14533.2,13009.3,10516.8,Synapse,Positive,Yes,276.556,463.564,21,25,PostSyn,WSS_030.01,WSS_030.01.T2.01.Zs.4C,T060,Sham,32,15,0.3968334076616151,Positive,0.7272727272727273
201,305,17.935,29.515,6.347,0.491,289.74,476.822,19,19535.4,14778.9,8274.71,7833.92,Synapse,Uncertain,Yes,273.585,460.667,17,21,PostSyn,WSS_030.01,WSS_030.01.T2.01.Zs.4C,T060,Sham,32,15,0.2955995330279629,Positive,1.1445221445221445
202,306,22.809,28.434,7.888,0.468,368.489,459.352,23,11491.1,14289.4,16954.301,7307.4,Synapse,Uncertain,Yes,352.334,443.197,21,25,PostSyn,WSS_030.01,WSS_030.01.T2.01.Zs.4C,T060,Sham,32,15,0.27573220401134246,Positive,1.090909090909091
203,307,22.419,28.74,9.127,0.328,362.173,464.294,27,14701.9,13615.5,16349.5,7389.8,Synapse,Uncertain,Yes,346.018,448.139,25,29,PostSyn,WSS_030.01,WSS_030.01.T2.01.Zs.4C,T060,Sham,32,15,0.2788414266637954,Positive,0.7645687645687647
204,308,28.463,28.515,7.128,0.371,459.826,460.67,21,22409.6,13189.9,8751.85,19494.5,Synapse,Positive,Yes,443.671,444.515,19,23,PostSyn,WSS_030.01,WSS_030.01.T2.01.Zs.4C,T060,Sham,32,15,0.7355915169689788,Positive,0.8648018648018648
205,309,28.068,28.392,6.498,0.429,453.447,458.67,19,27106.301,12572.0,8569.94,19284.4,Synapse,Positive,Yes,437.292,442.515,17,21,PostSyn,WSS_030.01,WSS_030.01.T2.01.Zs.4C,T060,Sham,32,15,0.7276637538709162,Positive,1.0
206,310,27.965,24.966,5.426,0.431,451.782,403.336,16,13393.2,16102.4,10353.9,4968.59,Synapse,Uncertain,Yes,435.627,387.181,14,18,PostSyn,WSS_030.01,WSS_030.01.T2.01.Zs.4C,T060,Sham,32,15,0.1874812206159121,Negative,1.0046620046620047
207,311,27.668,25.218,6.09,0.314,446.982,407.396,18,4207.74,15612.5,11508.0,4926.75,Unpaired,Uncertain,Yes,430.827,391.241,16,20,PostSyn,WSS_030.01,WSS_030.01.T2.01.Zs.4C,T060,Sham,32,15,0.18590245998753066,Negative,0.7319347319347319
208,313,35.075,26.489,5.397,0.485,566.643,427.924,16,18000.0,13873.1,6346.36,9405.39,Synapse,Positive,Yes,550.488,411.769,14,18,PostSyn,WSS_030.01,WSS_030.01.T2.01.Zs.4C,T060,Sham,32,15,0.3548962578052714,Positive,1.1305361305361306
209,314,43.083,30.327,9.187,0.115,696.011,489.94,27,12389.0,11546.6,15389.7,7733.55,Synapse,Uncertain,Yes,679.856,473.785,25,29,PostSyn,WSS_030.01,WSS_030.01.T2.01.Zs.4C,T060,Sham,32,15,0.29181224325093985,Positive,0.2680652680652681
210,315,42.722,30.701,7.699,0.326,690.171,495.979,23,7797.57,12024.5,14982.0,9607.9,Synapse,Positive,Yes,674.016,479.824,21,25,PostSyn,WSS_030.01,WSS_030.01.T2.01.Zs.4C,T060,Sham,32,15,0.3625376252730899,Positive,0.7599067599067599
211,316,40.905,30.493,8.64,0.487,660.83,492.625,25,16286.1,12323.6,24457.801,10497.3,Synapse,Positive,Yes,644.675,476.47,23,27,PostSyn,WSS_030.01,WSS_030.01.T2.01.Zs.4C,T060,Sham,32,15,0.3960976086115808,Positive,1.1351981351981353
212,324,40.896,30.366,6.662,0.451,660.685,490.567,20,11396.6,11752.8,13516.2,10854.2,Synapse,Positive,Yes,644.53,474.412,18,22,PostSyn,WSS_030.01,WSS_030.01.T2.01.Zs.4C,T060,Sham,32,15,0.4095646178914407,Positive,1.0512820512820513
213,332,35.231,25.72,8.748,0.52,569.166,415.515,26,19267.9,15820.5,9104.67,18561.4,Synapse,Positive,Yes,553.011,399.36,24,28,PostSyn,WSS_030.01,WSS_030.01.T2.01.Zs.4C,T060,Sham,32,15,0.7003825890927187,Positive,1.2121212121212122
214,333,35.062,25.857,7.179,0.783,566.428,417.729,21,18388.1,17288.1,12476.8,11752.7,Synapse,Positive,Yes,550.273,401.574,19,23,PostSyn,WSS_030.01,WSS_030.01.T2.01.Zs.4C,T060,Sham,32,15,0.4434679741199476,Positive,1.8251748251748252
215,334,49.534,27.875,6.415,0.493,800.233,450.328,19,14027.5,12265.9,6713.55,15248.0,Synapse,Positive,Yes,784.078,434.173,17,21,PostSyn,WSS_030.01,WSS_030.01.T2.01.Zs.4C,T060,Sham,32,15,0.5753571238422627,Positive,1.1491841491841492
216,335,49.176,27.507,7.06,0.476,794.436,444.386,21,14816.4,14175.6,10766.0,10014.1,Synapse,Positive,Yes,778.281,428.231,19,23,PostSyn,WSS_030.01,WSS_030.01.T2.01.Zs.4C,T060,Sham,32,15,0.3778648854845752,Positive,1.1095571095571095
217,336,51.523,26.749,7.242,0.375,832.354,432.136,21,11942.0,11114.7,8411.52,5385.62,Synapse,Negative,Yes,816.199,415.981,19,23,PostSyn,WSS_030.01,WSS_030.01.T2.01.Zs.4C,T060,Sham,32,15,0.20321713229980107,Negative,0.8741258741258742
218,337,51.606,27.206,8.551,0.284,833.696,439.522,25,15992.2,10488.6,11273.2,13391.8,Synapse,Positive,Yes,817.541,423.367,23,27,PostSyn,WSS_030.01,WSS_030.01.T2.01.Zs.4C,T060,Sham,32,15,0.5053166009359137,Positive,0.6620046620046619
219,338,57.889,27.9,8.449,0.575,935.205,450.721,25,11196.3,11747.0,8921.71,9390.06,Synapse,Positive,Yes,919.05,434.566,23,27,PostSyn,WSS_030.01,WSS_030.01.T2.01.Zs.4C,T060,Sham,32,15,0.35431780655209055,Positive,1.3403263403263403
220,339,57.402,27.85,9.785,0.353,927.336,449.914,29,15723.5,11106.5,12135.8,13055.4,Synapse,Positive,Yes,911.181,433.759,27,31,PostSyn,WSS_030.01,WSS_030.01.T2.01.Zs.4C,T060,Sham,32,15,0.4926231239907054,Positive,0.8228438228438228
221,340,59.653,27.01,7.174,0.714,963.706,436.347,21,12579.5,11798.7,5778.48,10980.1,Synapse,Positive,Yes,947.551,420.192,19,23,PostSyn,WSS_030.01,WSS_030.01.T2.01.Zs.4C,T060,Sham,32,15,0.41431523842473955,Positive,1.6643356643356644
222,341,59.335,27.023,9.832,0.384,958.556,436.553,29,14146.5,9661.3,4569.4,10037.4,Synapse,Positive,Yes,942.401,420.398,27,31,PostSyn,WSS_030.01,WSS_030.01.T2.01.Zs.4C,T060,Sham,32,15,0.3787440710161547,Positive,0.8951048951048951
223,342,60.326,23.613,6.011,0.689,974.572,381.477,18,10143.6,16127.3,9040.9,5257.32,Synapse,Uncertain,Yes,958.417,365.322,16,20,PostSyn,WSS_030.01,WSS_030.01.T2.01.Zs.4C,T060,Sham,32,15,0.19837595188342105,Negative,1.606060606060606
224,343,60.061,24.002,4.228,0.805,970.289,387.758,12,10773.9,15431.1,7764.0,4623.6,Synapse,Negative,Yes,954.134,371.603,10,14,PostSyn,WSS_030.01,WSS_030.01.T2.01.Zs.4C,T060,Sham,32,15,0.17446361475584246,Negative,1.8764568764568765
225,344,62.212,24.364,10.796,0.442,1005.047,393.599,32,8981.84,12963.8,14102.4,7386.78,Synapse,Uncertain,Yes,988.892,377.444,30,34,PostSyn,WSS_030.01,WSS_030.01.T2.01.Zs.4C,T060,Sham,32,15,0.27872747214425164,Positive,1.0303030303030303
226,345,61.63,24.232,12.569,0.391,995.643,391.465,37,9001.78,12163.8,14438.5,9890.93,Synapse,Positive,Yes,979.488,375.31,35,39,PostSyn,WSS_030.01,WSS_030.01.T2.01.Zs.4C,T060,Sham,32,15,0.37321727681828115,Positive,0.9114219114219114
227,346,67.89,27.212,10.639,0.72,1096.774,439.62,31,13811.3,13581.0,7434.77,16527.699,Synapse,Positive,Yes,1080.619,423.465,29,33,PostSyn,WSS_030.01,WSS_030.01.T2.01.Zs.4C,T060,Sham,32,15,0.6236443704335415,Positive,1.6783216783216783
228,347,67.558,26.854,9.965,0.452,1091.402,433.834,29,7483.06,13934.8,5796.25,10800.0,Synapse,Positive,Yes,1075.247,417.679,27,31,PostSyn,WSS_030.01,WSS_030.01.T2.01.Zs.4C,T060,Sham,32,15,0.4075194738651913,Positive,1.0536130536130537
229,348,71.494,26.299,10.29,1.095,1154.998,424.863,30,21904.1,13552.1,14597.8,12661.8,Synapse,Positive,Yes,1138.843,408.708,28,32,PostSyn,WSS_030.01,WSS_030.01.T2.01.Zs.4C,T060,Sham,32,15,0.4777713031653962,Positive,2.5524475524475525
230,349,70.823,26.383,9.73,0.279,1144.153,426.215,29,14684.7,13013.7,13341.7,10133.0,Synapse,Positive,Yes,1127.998,410.06,27,31,PostSyn,WSS_030.01,WSS_030.01.T2.01.Zs.4C,T060,Sham,32,15,0.382351373025554,Positive,0.6503496503496504
231,350,72.178,26.572,6.031,0.443,1166.044,429.278,18,10949.7,13387.0,8839.8,8431.78,Synapse,Positive,Yes,1149.889,413.123,16,20,PostSyn,WSS_030.01,WSS_030.01.T2.01.Zs.4C,T060,Sham,32,15,0.31815875456917064,Positive,1.0326340326340326
232,351,71.973,26.169,4.13,0.91,1162.725,422.767,12,11492.1,15377.6,9801.44,3932.87,Synapse,Negative,Yes,1146.57,406.612,10,14,PostSyn,WSS_030.01,WSS_030.01.T2.01.Zs.4C,T060,Sham,32,15,0.14840010307224025,Negative,2.121212121212121
233,352,75.743,25.051,7.693,0.283,1223.628,404.698,23,11069.5,14498.5,6943.42,20473.0,Synapse,Positive,Yes,1207.473,388.543,21,25,PostSyn,WSS_030.01,WSS_030.01.T2.01.Zs.4C,T060,Sham,32,15,0.7725135359668576,Positive,0.6596736596736597
234,353,75.352,25.014,6.534,0.867,1217.31,404.107,19,12480.7,14300.7,8843.05,6747.93,Synapse,Positive,Yes,1201.155,387.952,17,21,PostSyn,WSS_030.01,WSS_030.01.T2.01.Zs.4C,T060,Sham,32,15,0.2546215632665871,Positive,2.020979020979021
235,355,79.235,27.442,7.885,0.508,1280.044,443.328,23,12806.9,13409.7,7364.48,14506.3,Synapse,Positive,Yes,1263.889,427.173,21,25,PostSyn,WSS_030.01,WSS_030.01.T2.01.Zs.4C,T060,Sham,32,15,0.5473703466417245,Positive,1.1841491841491842
236,356,79.603,27.434,9.161,0.663,1286.0,443.207,27,23013.0,15087.0,12229.4,10621.1,Synapse,Positive,Yes,1269.845,427.052,25,29,PostSyn,WSS_030.01,WSS_030.01.T2.01.Zs.4C,T060,Sham,32,15,0.4007689892471836,Positive,1.5454545454545456
237,358,79.741,27.695,10.869,0.743,1288.216,447.423,32,21253.301,14941.0,14307.0,12127.1,Synapse,Positive,Yes,1272.061,431.268,30,34,PostSyn,WSS_030.01,WSS_030.01.T2.01.Zs.4C,T060,Sham,32,15,0.45759531588060753,Positive,1.731934731934732
238,359,79.323,27.517,10.662,0.329,1281.473,444.544,31,18276.9,15135.6,16087.6,9357.59,Synapse,Uncertain,Yes,1265.318,428.389,29,33,PostSyn,WSS_030.01,WSS_030.01.T2.01.Zs.4C,T060,Sham,32,15,0.3530926068005718,Positive,0.7668997668997669
239,361,87.818,26.42,5.658,1.03,1418.716,426.826,17,13773.9,18718.6,15018.9,6172.14,Synapse,Uncertain,Yes,1402.561,410.671,15,19,PostSyn,WSS_030.01,WSS_030.01.T2.01.Zs.4C,T060,Sham,32,15,0.2328951153168798,Positive,2.400932400932401
240,362,87.437,27.109,4.1,0.817,1412.544,437.952,12,10979.8,16414.1,11074.2,4278.96,Synapse,Uncertain,Yes,1396.389,421.797,10,14,PostSyn,WSS_030.01,WSS_030.01.T2.01.Zs.4C,T060,Sham,32,15,0.16145921554538878,Negative,1.9044289044289044
241,363,96.355,26.848,11.67,0.442,1556.63,433.735,34,17216.4,12045.5,17673.301,10677.3,Synapse,Positive,Yes,1540.475,417.58,32,36,PostSyn,WSS_030.01,WSS_030.01.T2.01.Zs.4C,T060,Sham,32,15,0.40288959984266726,Positive,1.0303030303030303
242,366,95.355,27.584,11.1,0.158,1540.467,445.628,33,17762.801,12528.7,11679.3,18463.1,Synapse,Positive,Yes,1524.312,429.473,31,35,PostSyn,WSS_030.01,WSS_030.01.T2.01.Zs.4C,T060,Sham,32,15,0.696673407214853,Positive,0.3682983682983683
243,368,95.449,27.459,9.415,0.518,1541.99,443.604,28,16995.0,16053.7,11152.7,20269.199,Synapse,Positive,Yes,1525.835,427.449,26,30,PostSyn,WSS_030.01,WSS_030.01.T2.01.Zs.4C,T060,Sham,32,15,0.7648234548285983,Positive,1.2074592074592074
244,370,90.649,28.224,10.073,0.388,1464.439,455.956,30,16355.6,11844.5,14426.0,9665.58,Synapse,Positive,Yes,1448.284,439.801,28,32,PostSyn,WSS_030.01,WSS_030.01.T2.01.Zs.4C,T060,Sham,32,15,0.36471408112980697,Positive,0.9044289044289044
245,377,90.603,28.298,8.401,0.514,1463.699,457.162,25,17878.199,13189.3,12291.6,9170.82,Synapse,Positive,Yes,1447.544,441.007,23,27,PostSyn,WSS_030.01,WSS_030.01.T2.01.Zs.4C,T060,Sham,32,15,0.3460451612326272,Positive,1.1981351981351982
246,384,96.167,27.254,9.411,0.602,1553.585,440.297,28,28988.6,16185.1,16200.5,11650.2,Synapse,Positive,Yes,1537.43,424.142,26,30,PostSyn,WSS_030.01,WSS_030.01.T2.01.Zs.4C,T060,Sham,32,15,0.43960031244668996,Positive,1.4032634032634033
247,385,95.816,27.487,7.945,0.806,1547.911,444.058,23,21167.801,15545.5,9637.89,12968.2,Synapse,Positive,Yes,1531.756,427.903,21,25,PostSyn,WSS_030.01,WSS_030.01.T2.01.Zs.4C,T060,Sham,32,15,0.4893327815720902,Positive,1.878787878787879
248,386,102.388,27.893,8.925,0.326,1654.087,450.612,26,11940.4,12180.3,7863.66,5831.67,Synapse,Uncertain,Yes,1637.932,434.457,24,28,PostSyn,WSS_030.01,WSS_030.01.T2.01.Zs.4C,T060,Sham,32,15,0.22004806390327963,Positive,0.7599067599067599
249,387,102.224,28.233,9.769,0.488,1651.438,456.107,29,10724.5,12290.0,9825.21,8658.29,Synapse,Positive,Yes,1635.283,439.952,27,31,PostSyn,WSS_030.01,WSS_030.01.T2.01.Zs.4C,T060,Sham,32,15,0.3267057208678007,Positive,1.1375291375291374
250,388,106.487,27.712,9.665,0.249,1720.307,447.685,28,11291.3,12149.5,7165.01,8185.29,Synapse,Positive,Yes,1704.152,431.53,26,30,PostSyn,WSS_030.01,WSS_030.01.T2.01.Zs.4C,T060,Sham,32,15,0.30885787724388997,Positive,0.5804195804195804
251,389,105.995,27.708,10.638,0.317,1712.359,447.617,31,21454.801,12693.3,9453.27,9512.21,Synapse,Uncertain,Yes,1696.204,431.462,29,33,PostSyn,WSS_030.01,WSS_030.01.T2.01.Zs.4C,T060,Sham,32,15,0.35892692726807507,Positive,0.738927738927739
252,390,112.186,28.524,8.505,0.649,1812.375,460.803,25,9147.24,14101.8,8134.82,6421.59,Synapse,Negative,Yes,1796.22,444.648,23,27,PostSyn,WSS_030.01,WSS_030.01.T2.01.Zs.4C,T060,Sham,32,15,0.2423076831646272,Positive,1.512820512820513
253,391,111.912,28.44,6.781,0.571,1807.948,459.451,20,9198.02,13214.2,4292.1,4010.56,Synapse,Negative,Yes,1791.793,443.296,18,22,PostSyn,WSS_030.01,WSS_030.01.T2.01.Zs.4C,T060,Sham,32,15,0.15133160195414644,Negative,1.331002331002331
254,392,118.565,30.394,11.055,0.642,1915.428,491.024,33,14860.3,15122.4,8094.08,17793.4,Synapse,Positive,Yes,1899.273,474.869,31,35,PostSyn,WSS_030.01,WSS_030.01.T2.01.Zs.4C,T060,Sham,32,15,0.6714034265067496,Positive,1.4965034965034965
255,393,117.857,30.508,10.478,0.39,1903.99,492.858,31,9777.73,14129.5,6191.17,14351.3,Synapse,Positive,Yes,1887.835,476.703,29,33,PostSyn,WSS_030.01,WSS_030.01.T2.01.Zs.4C,T060,Sham,32,15,0.5415216875260666,Positive,0.9090909090909092
256,394,115.961,28.882,10.931,0.294,1873.36,466.599,32,8052.28,12222.9,11785.8,8488.94,Synapse,Positive,Yes,1857.205,450.444,30,34,PostSyn,WSS_030.01,WSS_030.01.T2.01.Zs.4C,T060,Sham,32,15,0.32031558911788677,Positive,0.6853146853146853
257,395,115.697,29.404,12.527,0.479,1869.095,475.019,37,7417.45,13259.4,11102.4,17112.0,Synapse,Positive,Yes,1852.94,458.864,35,39,PostSyn,WSS_030.01,WSS_030.01.T2.01.Zs.4C,T060,Sham,32,15,0.6456919663686252,Positive,1.1165501165501166
258,396,110.749,21.684,7.454,0.453,1789.16,350.305,22,8032.7,13550.0,7047.69,4070.74,Synapse,Negative,Yes,1773.005,334.15,20,24,PostSyn,WSS_030.01,WSS_030.01.T2.01.Zs.4C,T060,Sham,32,15,0.15360239102240636,Negative,1.055944055944056
259,397,110.675,22.067,8.95,0.749,1787.965,356.489,26,8341.0,17160.1,11706.0,5824.1,Synapse,Uncertain,Yes,1771.81,340.334,24,28,PostSyn,WSS_030.01,WSS_030.01.T2.01.Zs.4C,T060,Sham,32,15,0.21976242293872783,Negative,1.745920745920746
260,398,116.909,29.689,12.791,0.406,1888.675,479.63,38,16541.9,14303.4,17938.4,15528.2,Synapse,Positive,Yes,1872.52,463.475,36,40,PostSyn,WSS_030.01,WSS_030.01.T2.01.Zs.4C,T060,Sham,32,15,0.5859299901919873,Positive,0.9463869463869464
261,399,116.736,30.2,11.09,0.433,1885.88,487.885,33,11797.8,13688.2,9948.73,16691.5,Synapse,Positive,Yes,1869.725,471.73,31,35,PostSyn,WSS_030.01,WSS_030.01.T2.01.Zs.4C,T060,Sham,32,15,0.6298251201871149,Positive,1.0093240093240092
262,400,118.19,28.802,14.432,0.376,1909.37,465.292,42,13969.0,13630.2,17749.9,13959.5,Synapse,Positive,Yes,1893.215,449.137,40,44,PostSyn,WSS_030.01,WSS_030.01.T2.01.Zs.4C,T060,Sham,32,15,0.5267377866130684,Positive,0.8764568764568764
263,401,117.954,29.154,13.686,0.281,1905.557,470.981,40,16405.9,14862.5,14097.8,12482.0,Synapse,Positive,Yes,1889.402,454.826,38,42,PostSyn,WSS_030.01,WSS_030.01.T2.01.Zs.4C,T060,Sham,32,15,0.4709868585912331,Positive,0.655011655011655
264,0,110.205,28.247,10.741,0.839,1780.372,456.331,32,20559.199,7463.8,7215.94,8605.89,Synapse,,Yes,1764.217,440.176,30,34,PreSyn,WSS_030.01,WSS_030.01.T2.01.Zs.4C,T060,Sham,32,15,0.33000323373558116,NA,1.9557109557109558
265,1,109.755,28.871,9.292,0.158,1773.102,466.409,27,14340.7,6432.62,5212.74,7534.69,Synapse,,Yes,1756.947,450.254,25,29,PreSyn,WSS_030.01,WSS_030.01.T2.01.Zs.4C,T060,Sham,32,15,0.288926777497173,NA,0.3682983682983683
266,2,111.76,28.359,7.415,0.417,1805.493,458.142,22,15793.3,11699.1,6059.79,4471.41,Synapse,,Yes,1789.338,441.987,20,24,PreSyn,WSS_030.01,WSS_030.01.T2.01.Zs.4C,T060,Sham,32,15,0.1714616105199596,NA,0.972027972027972
267,3,117.151,20.77,12.258,0.128,1892.585,335.538,36,11194.8,6721.2,5203.51,3775.34,Synapse,,Yes,1876.43,319.383,34,38,PreSyn,WSS_030.01,WSS_030.01.T2.01.Zs.4C,T060,Sham,32,15,0.14476996666832706,NA,0.29836829836829837
268,4,111.164,27.674,11.395,0.315,1795.864,447.068,34,16050.0,7604.05,11401.7,8589.34,Synapse,,Yes,1779.709,430.913,32,36,PreSyn,WSS_030.01,WSS_030.01.T2.01.Zs.4C,T060,Sham,32,15,0.3293686040205461,NA,0.7342657342657343
269,5,112.332,28.427,8.982,0.307,1814.733,459.244,26,15562.4,12404.8,10464.3,7002.62,Synapse,,Yes,1798.578,443.089,24,28,PreSyn,WSS_030.01,WSS_030.01.T2.01.Zs.4C,T060,Sham,32,15,0.26852391148637217,NA,0.7156177156177156
270,6,114.242,26.81,9.101,0.455,1845.59,433.111,27,15624.5,12942.6,9325.56,10543.5,Synapse,,Yes,1829.435,416.956,25,29,PreSyn,WSS_030.01,WSS_030.01.T2.01.Zs.4C,T060,Sham,32,15,0.4043032266146907,NA,1.0606060606060606
271,7,111.87,27.903,11.526,0.193,1807.27,450.782,34,14639.8,10646.5,12896.7,8376.5,Synapse,,Yes,1791.115,434.627,32,36,PreSyn,WSS_030.01,WSS_030.01.T2.01.Zs.4C,T060,Sham,32,15,0.3212069974617496,NA,0.4498834498834499
272,8,113.689,27.621,11.207,0.543,1836.656,446.226,33,16829.1,9656.16,8927.09,12362.1,Synapse,,Yes,1820.501,430.071,31,35,PreSyn,WSS_030.01,WSS_030.01.T2.01.Zs.4C,T060,Sham,32,15,0.4740396374764991,NA,1.2657342657342658
273,9,113.499,29.349,9.917,0.282,1833.586,474.139,29,13275.8,10185.9,9803.66,12618.6,Synapse,,Yes,1817.431,457.984,27,31,PreSyn,WSS_030.01,WSS_030.01.T2.01.Zs.4C,T060,Sham,32,15,0.48387543940438527,NA,0.6573426573426573
274,10,117.259,25.388,11.884,0.3,1894.33,410.139,35,12541.5,6508.51,7914.36,4666.88,Synapse,,Yes,1878.175,393.984,33,37,PreSyn,WSS_030.01,WSS_030.01.T2.01.Zs.4C,T060,Sham,32,15,0.17895714347451677,NA,0.6993006993006993
275,11,115.586,26.085,14.535,0.248,1867.302,421.405,43,13352.9,6943.16,19009.9,5491.42,Synapse,,Yes,1851.147,405.25,41,45,PreSyn,WSS_030.01,WSS_030.01.T2.01.Zs.4C,T060,Sham,32,15,0.21057512445548865,NA,0.578088578088578
276,14,117.742,28.237,11.11,0.366,1902.132,456.17,33,14535.4,10811.5,14917.7,5321.89,Synapse,,Yes,1885.977,440.015,31,35,PreSyn,WSS_030.01,WSS_030.01.T2.01.Zs.4C,T060,Sham,32,15,0.20407429209356062,NA,0.8531468531468531
277,18,120.771,24.202,15.827,0.185,1951.066,390.984,47,12588.1,9392.17,13743.7,4960.03,Synapse,,Yes,1934.911,374.829,45,49,PreSyn,WSS_030.01,WSS_030.01.T2.01.Zs.4C,T060,Sham,32,15,0.19019833386500348,NA,0.43123543123543123
278,20,119.624,28.317,11.39,0.256,1932.536,457.472,34,13538.7,6139.6,14844.1,5516.25,Synapse,,Yes,1916.381,441.317,32,36,PreSyn,WSS_030.01,WSS_030.01.T2.01.Zs.4C,T060,Sham,32,15,0.21152726075907313,NA,0.5967365967365967
279,22,120.926,26.063,16.698,0.144,1953.57,421.047,49,12479.2,10011.5,20589.199,5604.88,Synapse,,Yes,1937.415,404.892,47,51,PreSyn,WSS_030.01,WSS_030.01.T2.01.Zs.4C,T060,Sham,32,15,0.21492588502756652,NA,0.3356643356643356
280,32,108.86,26.187,12.448,0.678,1758.643,423.057,37,18202.9,4841.95,10539.5,7547.77,Synapse,,Yes,1742.488,406.902,35,39,PreSyn,WSS_030.01,WSS_030.01.T2.01.Zs.4C,T060,Sham,32,15,0.2894283458761857,NA,1.5804195804195806
281,33,113.229,24.796,8.677,0.434,1829.224,400.588,26,15020.8,10136.6,7000.65,4635.4,Synapse,,Yes,1813.069,384.433,24,28,PreSyn,WSS_030.01,WSS_030.01.T2.01.Zs.4C,T060,Sham,32,15,0.17775000489872783,NA,1.0116550116550116
282,34,118.519,18.84,12.05,0.248,1914.685,304.36,35,12855.5,8350.66,5086.21,3782.99,Synapse,,Yes,1898.53,288.205,33,37,PreSyn,WSS_030.01,WSS_030.01.T2.01.Zs.4C,T060,Sham,32,15,0.14506331514687804,NA,0.578088578088578
283,36,108.232,25.516,11.544,0.652,1748.498,412.213,34,18906.4,5825.03,9831.67,7220.11,Synapse,,Yes,1732.343,396.058,32,36,PreSyn,WSS_030.01,WSS_030.01.T2.01.Zs.4C,T060,Sham,32,15,0.27686382790468006,NA,1.5198135198135199
284,37,110.313,26.018,6.781,0.483,1782.116,420.323,20,15971.7,9610.95,9084.28,5558.09,Synapse,,Yes,1765.961,404.168,18,22,PreSyn,WSS_030.01,WSS_030.01.T2.01.Zs.4C,T060,Sham,32,15,0.21313166603261213,NA,1.1258741258741258
285,38,106.303,26.64,10.59,0.426,1717.334,430.37,31,17437.301,10415.1,9965.91,5063.85,Synapse,,Yes,1701.179,414.215,29,33,PreSyn,WSS_030.01,WSS_030.01.T2.01.Zs.4C,T060,Sham,32,15,0.19417943700790075,NA,0.993006993006993
286,39,108.344,23.346,14.159,0.168,1750.307,377.155,42,12478.9,8199.71,13282.4,6852.31,Synapse,,Yes,1734.152,361.0,40,44,PreSyn,WSS_030.01,WSS_030.01.T2.01.Zs.4C,T060,Sham,32,15,0.26276009321042454,NA,0.3916083916083916
287,40,105.757,26.498,13.03,0.292,1708.514,428.079,38,13469.7,9858.12,15322.8,8544.01,Synapse,,Yes,1692.359,411.924,36,40,PreSyn,WSS_030.01,WSS_030.01.T2.01.Zs.4C,T060,Sham,32,15,0.3276303704868576,NA,0.6806526806526806
288,41,104.598,27.973,8.98,0.738,1689.79,451.913,26,18048.9,12608.4,10150.7,9153.13,Synapse,,Yes,1673.635,435.758,24,28,PreSyn,WSS_030.01,WSS_030.01.T2.01.Zs.4C,T060,Sham,32,15,0.35098781169665894,NA,1.7202797202797202
289,43,103.564,27.447,13.573,0.164,1673.086,443.402,40,12454.1,9779.66,21814.9,8879.28,Synapse,,Yes,1656.931,427.247,38,42,PreSyn,WSS_030.01,WSS_030.01.T2.01.Zs.4C,T060,Sham,32,15,0.3404867030886604,NA,0.38228438228438233
290,45,104.804,23.997,14.748,0.131,1693.118,387.672,43,12359.4,10483.4,18921.9,15328.0,Synapse,,Yes,1676.963,371.517,41,45,PreSyn,WSS_030.01,WSS_030.01.T2.01.Zs.4C,T060,Sham,32,15,0.5877706508796869,NA,0.3053613053613054
291,50,101.06,27.337,9.405,0.408,1632.633,441.625,28,14288.5,6884.73,13089.8,5996.21,Synapse,,Yes,1616.478,425.47,26,30,PreSyn,WSS_030.01,WSS_030.01.T2.01.Zs.4C,T060,Sham,32,15,0.229931905957156,NA,0.951048951048951
292,52,103.5,25.832,8.422,0.447,1672.052,417.32,25,15150.0,13828.1,12326.1,6201.82,Synapse,,Yes,1655.897,401.165,23,27,PreSyn,WSS_030.01,WSS_030.01.T2.01.Zs.4C,T060,Sham,32,15,0.23781626944406703,NA,1.041958041958042
293,54,98.977,23.601,13.919,0.192,1598.984,381.276,41,12429.4,7639.96,16747.4,6028.41,Synapse,,Yes,1582.829,365.121,39,43,PreSyn,WSS_030.01,WSS_030.01.T2.01.Zs.4C,T060,Sham,32,15,0.23116665380151444,NA,0.44755244755244755
294,55,102.481,24.328,8.3,0.442,1655.59,393.027,24,15167.6,10693.3,11951.6,6595.44,Synapse,,Yes,1639.435,376.872,22,26,PreSyn,WSS_030.01,WSS_030.01.T2.01.Zs.4C,T060,Sham,32,15,0.2529101031861901,NA,1.0303030303030303
295,56,98.903,23.877,10.649,0.297,1597.787,385.738,31,13496.7,9405.59,10179.7,5428.58,Synapse,,Yes,1581.632,369.583,29,33,PreSyn,WSS_030.01,WSS_030.01.T2.01.Zs.4C,T060,Sham,32,15,0.2081654488486724,NA,0.6923076923076923
296,57,96.342,26.736,12.021,0.476,1556.42,431.931,35,18307.699,10490.8,17916.301,9539.83,Synapse,,Yes,1540.265,415.776,33,37,PreSyn,WSS_030.01,WSS_030.01.T2.01.Zs.4C,T060,Sham,32,15,0.365816289690864,NA,1.1095571095571095
297,58,97.361,26.314,10.616,0.424,1572.872,425.11,31,16330.1,8536.51,15394.1,6088.97,Synapse,,Yes,1556.717,408.955,29,33,PreSyn,WSS_030.01,WSS_030.01.T2.01.Zs.4C,T060,Sham,32,15,0.2334889000578606,NA,0.9883449883449883
298,59,97.013,25.317,8.08,0.489,1567.249,409.003,24,16123.1,9894.58,12373.0,5628.2,Synapse,,Yes,1551.094,392.848,22,26,PreSyn,WSS_030.01,WSS_030.01.T2.01.Zs.4C,T060,Sham,32,15,0.2158201185595677,NA,1.1398601398601398
299,60,94.604,26.821,10.835,0.471,1528.342,433.299,32,18797.4,9464.41,10433.9,11543.9,Synapse,,Yes,1512.187,417.144,30,34,PreSyn,WSS_030.01,WSS_030.01.T2.01.Zs.4C,T060,Sham,32,15,0.44266477144376415,NA,1.097902097902098
300,62,93.792,23.805,13.407,0.13,1515.213,384.57,39,13591.4,11358.9,13736.2,18066.4,Synapse,,Yes,1499.058,368.415,37,41,PreSyn,WSS_030.01,WSS_030.01.T2.01.Zs.4C,T060,Sham,32,15,0.6927779023390381,NA,0.30303030303030304
301,63,92.086,28.118,9.604,0.429,1487.651,454.246,28,14925.6,7253.24,8555.87,6491.8,Synapse,,Yes,1471.496,438.091,26,30,PreSyn,WSS_030.01,WSS_030.01.T2.01.Zs.4C,T060,Sham,32,15,0.24893590236043525,NA,1.0
302,64,102.862,18.166,10.465,0.277,1661.745,293.48,31,12843.3,6173.7,7465.88,4231.98,Synapse,,Yes,1645.59,277.325,29,33,PreSyn,WSS_030.01,WSS_030.01.T2.01.Zs.4C,T060,Sham,32,15,0.16228037833440873,NA,0.6456876456876458
303,65,90.147,26.76,11.802,0.367,1456.326,432.315,35,14591.0,11736.1,14783.0,5297.24,Synapse,,Yes,1440.171,416.16,33,37,PreSyn,WSS_030.01,WSS_030.01.T2.01.Zs.4C,T060,Sham,32,15,0.2031290581071185,NA,0.8554778554778555
304,67,90.279,29.113,8.472,0.276,1458.467,470.326,25,16694.301,10789.3,8595.98,10211.2,Synapse,,Yes,1442.312,454.171,23,27,PreSyn,WSS_030.01,WSS_030.01.T2.01.Zs.4C,T060,Sham,32,15,0.39156078224573715,NA,0.6433566433566434
305,68,97.423,18.726,10.098,0.136,1573.869,302.52,30,12050.7,8489.33,9646.19,5122.23,Synapse,,Yes,1557.714,286.365,28,32,PreSyn,WSS_030.01,WSS_030.01.T2.01.Zs.4C,T060,Sham,32,15,0.19641808853441142,NA,0.31701631701631705
306,70,87.769,29.238,9.998,0.253,1417.922,472.339,29,14056.1,10805.2,7944.6,9184.01,Synapse,,Yes,1401.767,456.184,27,31,PreSyn,WSS_030.01,WSS_030.01.T2.01.Zs.4C,T060,Sham,32,15,0.35217194254864,NA,0.5897435897435898
307,71,92.612,22.921,10.381,0.464,1496.16,370.289,31,13929.4,8170.58,9696.12,5471.82,Synapse,,Yes,1480.005,354.134,29,33,PreSyn,WSS_030.01,WSS_030.01.T2.01.Zs.4C,T060,Sham,32,15,0.20982353881109655,NA,1.0815850815850816
308,72,87.215,27.927,11.868,0.351,1408.969,451.171,35,15162.5,9675.45,18523.6,14001.3,Synapse,,Yes,1392.814,435.016,33,37,PreSyn,WSS_030.01,WSS_030.01.T2.01.Zs.4C,T060,Sham,32,15,0.536896738919739,NA,0.8181818181818181
309,73,91.443,24.62,10.14,0.363,1477.263,397.74,30,14665.9,8458.78,10387.3,5000.22,Synapse,,Yes,1461.108,381.585,28,32,PreSyn,WSS_030.01,WSS_030.01.T2.01.Zs.4C,T060,Sham,32,15,0.19173946789807073,NA,0.8461538461538461
310,74,89.55,24.357,8.627,0.47,1446.691,393.483,25,15320.6,10134.6,8571.61,4729.05,Synapse,,Yes,1430.536,377.328,23,27,PreSyn,WSS_030.01,WSS_030.01.T2.01.Zs.4C,T060,Sham,32,15,0.18134112712308087,NA,1.0955710955710956
311,75,85.631,26.395,13.627,0.309,1383.381,426.42,40,15129.0,9933.73,21793.4,11272.4,Synapse,,Yes,1367.226,410.265,38,42,PreSyn,WSS_030.01,WSS_030.01.T2.01.Zs.4C,T060,Sham,32,15,0.43225377642067997,NA,0.7202797202797203
312,78,86.009,25.293,14.545,0.353,1389.477,408.609,43,18357.1,8672.11,24508.199,12791.4,Synapse,,Yes,1373.322,392.454,41,45,PreSyn,WSS_030.01,WSS_030.01.T2.01.Zs.4C,T060,Sham,32,15,0.4905016638610665,NA,0.8228438228438228
313,79,86.571,24.565,15.804,0.527,1398.562,396.85,46,18370.4,10374.5,26414.199,13962.3,Synapse,,Yes,1382.407,380.695,44,48,PreSyn,WSS_030.01,WSS_030.01.T2.01.Zs.4C,T060,Sham,32,15,0.5354012368722242,NA,1.2284382284382285
314,80,84.845,25.285,12.598,0.319,1370.675,408.475,37,16238.8,10083.0,14628.2,10280.2,Synapse,,Yes,1354.52,392.32,35,39,PreSyn,WSS_030.01,WSS_030.01.T2.01.Zs.4C,T060,Sham,32,15,0.39420667048364805,NA,0.7435897435897436
315,81,84.3,27.672,8.971,0.642,1361.869,447.042,26,18187.4,11220.6,15315.3,10337.8,Synapse,,Yes,1345.714,430.887,24,28,PreSyn,WSS_030.01,WSS_030.01.T2.01.Zs.4C,T060,Sham,32,15,0.39641541196920843,NA,1.4965034965034965
316,82,84.407,26.698,11.906,0.777,1363.606,431.3,35,19969.199,12034.9,15181.7,16165.6,Synapse,,Yes,1347.451,415.145,33,37,PreSyn,WSS_030.01,WSS_030.01.T2.01.Zs.4C,T060,Sham,32,15,0.6198894333155446,NA,1.8111888111888113
317,83,84.321,24.614,8.517,0.669,1362.212,397.64,25,20251.199,15996.0,10211.7,6355.01,Synapse,,Yes,1346.057,381.485,23,27,PreSyn,WSS_030.01,WSS_030.01.T2.01.Zs.4C,T060,Sham,32,15,0.24369052479429273,NA,1.5594405594405596
318,84,81.553,25.862,12.088,0.263,1317.498,417.811,36,13221.3,10778.8,13577.8,7352.06,Synapse,,Yes,1301.343,401.656,34,38,PreSyn,WSS_030.01,WSS_030.01.T2.01.Zs.4C,T060,Sham,32,15,0.28192360983210535,NA,0.6130536130536131
319,86,85.774,21.934,8.143,0.48,1385.683,354.346,24,17705.0,11182.7,10080.0,6297.54,Synapse,,Yes,1369.528,338.191,22,26,PreSyn,WSS_030.01,WSS_030.01.T2.01.Zs.4C,T060,Sham,32,15,0.24148676831555738,NA,1.118881118881119
320,88,81.461,26.656,8.702,0.594,1316.015,430.638,26,17157.4,8724.09,9685.5,4475.56,Synapse,,Yes,1299.86,414.483,24,28,PreSyn,WSS_030.01,WSS_030.01.T2.01.Zs.4C,T060,Sham,32,15,0.17162074727629772,NA,1.3846153846153846
321,89,78.251,27.427,12.163,0.181,1264.149,443.082,36,14208.1,7402.05,14143.6,13789.3,Synapse,,Yes,1247.994,426.927,34,38,PreSyn,WSS_030.01,WSS_030.01.T2.01.Zs.4C,T060,Sham,32,15,0.5287673431742737,NA,0.4219114219114219
322,91,79.745,25.17,15.345,0.238,1288.294,406.616,45,13025.9,9626.41,24281.0,13636.0,Synapse,,Yes,1272.139,390.461,43,47,PreSyn,WSS_030.01,WSS_030.01.T2.01.Zs.4C,T060,Sham,32,15,0.5228888697413498,NA,0.5547785547785548
323,94,85.201,20.625,10.326,0.21,1376.422,333.204,30,13487.1,8326.97,7709.78,5404.06,Synapse,,Yes,1360.267,317.049,28,32,PreSyn,WSS_030.01,WSS_030.01.T2.01.Zs.4C,T060,Sham,32,15,0.20722519986905538,NA,0.4895104895104895
324,95,78.91,26.502,8.502,0.408,1274.803,428.139,25,17595.1,11064.1,15056.2,5230.89,Synapse,,Yes,1258.648,411.984,23,27,PreSyn,WSS_030.01,WSS_030.01.T2.01.Zs.4C,T060,Sham,32,15,0.20058478731602594,NA,0.951048951048951
325,96,82.094,23.851,8.942,0.672,1326.234,385.31,26,18051.1,14988.1,11403.0,5674.57,Synapse,,Yes,1310.079,369.155,24,28,PreSyn,WSS_030.01,WSS_030.01.T2.01.Zs.4C,T060,Sham,32,15,0.2175982321478565,NA,1.5664335664335665
326,97,79.777,23.562,15.024,0.118,1288.809,380.64,44,12420.3,9408.03,26780.0,16050.6,Synapse,,Yes,1272.654,364.485,42,46,PreSyn,WSS_030.01,WSS_030.01.T2.01.Zs.4C,T060,Sham,32,15,0.615479619585693,NA,0.27505827505827507
327,99,75.639,23.026,12.606,0.176,1221.95,371.984,37,12156.1,7591.14,7934.77,6846.59,Synapse,,Yes,1205.795,355.829,35,39,PreSyn,WSS_030.01,WSS_030.01.T2.01.Zs.4C,T060,Sham,32,15,0.26254075291012235,NA,0.41025641025641024
328,100,76.809,25.334,9.806,1.031,1240.85,409.279,29,19566.9,9091.0,10048.7,9999.07,Synapse,,Yes,1224.695,393.124,27,31,PreSyn,WSS_030.01,WSS_030.01.T2.01.Zs.4C,T060,Sham,32,15,0.38342640149344664,NA,2.403263403263403
329,101,75.33,25.074,7.478,0.974,1216.971,405.074,22,19708.4,11739.5,8800.96,10226.3,Synapse,,Yes,1200.816,388.919,20,24,PreSyn,WSS_030.01,WSS_030.01.T2.01.Zs.4C,T060,Sham,32,15,0.3921398099615698,NA,2.2703962703962706
330,102,77.643,21.703,9.152,0.36,1254.326,350.607,27,14058.1,10173.0,7291.88,4664.03,Synapse,,Yes,1238.171,334.452,25,29,PreSyn,WSS_030.01,WSS_030.01.T2.01.Zs.4C,T060,Sham,32,15,0.17884785678642914,NA,0.8391608391608392
331,106,71.637,24.393,12.94,0.339,1157.305,394.073,38,15078.3,8191.04,11207.2,7884.38,Synapse,,Yes,1141.15,377.918,36,40,PreSyn,WSS_030.01,WSS_030.01.T2.01.Zs.4C,T060,Sham,32,15,0.3023360623944928,NA,0.7902097902097903
332,107,72.406,21.531,14.103,0.221,1169.727,347.843,41,13069.9,10216.2,18068.1,5351.72,Synapse,,Yes,1153.572,331.688,39,43,PreSyn,WSS_030.01,WSS_030.01.T2.01.Zs.4C,T060,Sham,32,15,0.20521815942887775,NA,0.5151515151515151
333,108,70.444,26.589,7.259,0.616,1138.024,429.549,21,17841.9,12125.9,11696.2,6127.35,Synapse,,Yes,1121.869,413.394,19,23,PreSyn,WSS_030.01,WSS_030.01.T2.01.Zs.4C,T060,Sham,32,15,0.23496062745744062,NA,1.435897435897436
334,110,70.063,22.904,13.657,0.184,1131.877,370.01,40,12881.8,8480.08,15356.9,10162.0,Synapse,,Yes,1115.722,353.855,38,42,PreSyn,WSS_030.01,WSS_030.01.T2.01.Zs.4C,T060,Sham,32,15,0.3896741488934876,NA,0.4289044289044289
335,111,67.614,27.176,10.916,0.986,1092.317,439.024,32,20785.6,10329.1,11976.2,12615.1,Synapse,,Yes,1076.162,422.869,30,34,PreSyn,WSS_030.01,WSS_030.01.T2.01.Zs.4C,T060,Sham,32,15,0.48374122768217237,NA,2.2983682983682985
336,112,69.797,25.775,9.55,0.489,1127.572,416.405,28,16913.0,12319.2,12074.9,9694.61,Synapse,,Yes,1111.417,400.25,26,30,PreSyn,WSS_030.01,WSS_030.01.T2.01.Zs.4C,T060,Sham,32,15,0.3717515155091807,NA,1.1398601398601398
337,113,68.513,23.705,11.738,0.573,1106.84,382.952,35,16162.3,10745.4,9934.54,17589.6,Synapse,,Yes,1090.685,366.797,33,37,PreSyn,WSS_030.01,WSS_030.01.T2.01.Zs.4C,T060,Sham,32,15,0.6744944311530101,NA,1.3356643356643356
338,114,73.875,20.879,7.261,0.287,1193.451,337.307,21,14266.3,12951.1,9663.65,5536.25,Synapse,,Yes,1177.296,321.152,19,23,PreSyn,WSS_030.01,WSS_030.01.T2.01.Zs.4C,T060,Sham,32,15,0.21229418488600382,NA,0.668997668997669
339,115,70.884,24.762,6.358,0.611,1145.136,400.034,19,17926.5,13373.4,9746.42,4690.65,Synapse,,Yes,1128.981,383.879,17,21,PreSyn,WSS_030.01,WSS_030.01.T2.01.Zs.4C,T060,Sham,32,15,0.1798686327993739,NA,1.4242424242424243
340,116,65.064,25.322,14.037,0.374,1051.108,409.084,41,13941.8,11251.9,20681.0,13234.8,Synapse,,Yes,1034.953,392.929,39,43,PreSyn,WSS_030.01,WSS_030.01.T2.01.Zs.4C,T060,Sham,32,15,0.50750437175512,NA,0.8717948717948718
341,117,71.328,22.049,6.011,0.493,1152.313,356.205,18,16292.9,14794.2,12814.1,7094.78,Synapse,,Yes,1136.158,340.05,16,20,PreSyn,WSS_030.01,WSS_030.01.T2.01.Zs.4C,T060,Sham,32,15,0.27205789786326884,NA,1.1491841491841492
342,118,64.949,27.198,11.535,0.4,1049.257,439.381,34,15401.1,8462.33,11303.2,6281.22,Synapse,,Yes,1033.102,423.226,32,36,PreSyn,WSS_030.01,WSS_030.01.T2.01.Zs.4C,T060,Sham,32,15,0.24086095822798193,NA,0.9324009324009325
343,121,67.331,23.189,13.096,0.273,1087.742,374.624,39,13184.2,8658.8,12841.3,8086.14,Synapse,,Yes,1071.587,358.469,37,41,PreSyn,WSS_030.01,WSS_030.01.T2.01.Zs.4C,T060,Sham,32,15,0.3100727929869697,NA,0.6363636363636365
344,122,69.221,20.543,9.851,0.189,1118.27,331.88,29,12380.5,9557.78,6270.73,4248.19,Synapse,,Yes,1102.115,315.725,27,31,PreSyn,WSS_030.01,WSS_030.01.T2.01.Zs.4C,T060,Sham,32,15,0.16290197033928608,NA,0.4405594405594406
345,123,62.471,27.438,11.432,0.899,1009.231,443.265,34,20123.0,8087.67,9037.0,10263.0,Synapse,,Yes,993.076,427.11,32,36,PreSyn,WSS_030.01,WSS_030.01.T2.01.Zs.4C,T060,Sham,32,15,0.39354711573448764,NA,2.0955710955710956
346,124,67.239,21.588,13.746,0.199,1086.259,348.753,40,12864.7,9255.09,11768.6,26078.199,Synapse,,Yes,1070.104,332.598,38,42,PreSyn,WSS_030.01,WSS_030.01.T2.01.Zs.4C,T060,Sham,32,15,1.0,NA,0.4638694638694639
347,125,66.299,23.729,8.103,0.504,1071.071,383.346,24,17038.699,8691.91,5791.3,5301.79,Synapse,,Yes,1054.916,367.191,22,26,PreSyn,WSS_030.01,WSS_030.01.T2.01.Zs.4C,T060,Sham,32,15,0.20330353334599524,NA,1.1748251748251748
348,126,63.671,23.224,15.725,0.189,1028.607,375.184,46,13257.8,7488.72,20266.9,7407.19,Synapse,,Yes,1012.452,359.029,44,48,PreSyn,WSS_030.01,WSS_030.01.T2.01.Zs.4C,T060,Sham,32,15,0.28403763618798983,NA,0.4405594405594406
349,127,63.259,25.444,12.88,0.326,1021.958,411.042,38,13653.5,8589.95,19584.9,9939.41,Synapse,,Yes,1005.803,394.887,36,40,PreSyn,WSS_030.01,WSS_030.01.T2.01.Zs.4C,T060,Sham,32,15,0.3811386668228124,NA,0.7599067599067599
350,129,65.501,24.516,7.91,0.58,1058.174,396.061,23,17741.301,11321.7,9840.48,4809.19,Synapse,,Yes,1042.019,379.906,21,25,PreSyn,WSS_030.01,WSS_030.01.T2.01.Zs.4C,T060,Sham,32,15,0.18441419209969215,NA,1.351981351981352
351,131,62.398,24.253,11.298,0.349,1008.044,391.813,33,14446.5,10174.7,15610.0,7424.71,Synapse,,Yes,991.889,375.658,31,35,PreSyn,WSS_030.01,WSS_030.01.T2.01.Zs.4C,T060,Sham,32,15,0.2847094617231811,NA,0.8135198135198135
352,132,61.798,24.244,13.027,0.279,998.349,391.662,38,13716.5,10002.9,15016.6,8782.09,Synapse,,Yes,982.194,375.507,36,40,PreSyn,WSS_030.01,WSS_030.01.T2.01.Zs.4C,T060,Sham,32,15,0.3367598352938406,NA,0.6503496503496504
353,133,62.904,23.699,14.017,0.265,1016.216,382.855,41,13428.0,7564.76,20613.1,9298.04,Synapse,,Yes,1000.061,366.7,39,43,PreSyn,WSS_030.01,WSS_030.01.T2.01.Zs.4C,T060,Sham,32,15,0.3565445604583354,NA,0.6177156177156178
354,134,64.178,21.417,8.687,0.494,1036.795,345.985,26,16534.5,11639.3,8993.53,4844.34,Synapse,,Yes,1020.64,329.83,24,28,PreSyn,WSS_030.01,WSS_030.01.T2.01.Zs.4C,T060,Sham,32,15,0.18576206125277286,NA,1.1515151515151516
355,135,71.289,15.351,8.052,0.194,1151.68,247.99,24,12638.7,7934.44,10429.9,5042.69,Synapse,,Yes,1135.525,231.835,22,26,PreSyn,WSS_030.01,WSS_030.01.T2.01.Zs.4C,T060,Sham,32,15,0.19336803128160804,NA,0.4522144522144522
356,136,65.432,22.179,7.969,0.667,1057.063,358.304,23,18664.6,11776.6,12231.3,5524.17,Synapse,,Yes,1040.908,342.149,21,25,PreSyn,WSS_030.01,WSS_030.01.T2.01.Zs.4C,T060,Sham,32,15,0.21183096271333768,NA,1.5547785547785549
357,139,60.534,24.595,10.091,0.505,977.931,397.339,30,15001.2,8342.02,11653.6,6674.53,Synapse,,Yes,961.776,381.184,28,32,PreSyn,WSS_030.01,WSS_030.01.T2.01.Zs.4C,T060,Sham,32,15,0.25594290464613756,NA,1.1771561771561772
358,140,56.182,28.237,8.744,0.31,907.619,456.168,26,14267.1,7300.69,9190.9,6799.04,Synapse,,Yes,891.464,440.013,24,28,PreSyn,WSS_030.01,WSS_030.01.T2.01.Zs.4C,T060,Sham,32,15,0.2607173907983446,NA,0.7226107226107226
359,141,57.129,26.05,12.189,0.225,922.916,420.843,36,13873.2,13076.1,20406.0,5497.48,Synapse,,Yes,906.761,404.688,34,38,PreSyn,WSS_030.01,WSS_030.01.T2.01.Zs.4C,T060,Sham,32,15,0.21080750246594865,NA,0.5244755244755245
360,142,58.709,25.008,11.833,0.32,948.446,404.013,35,14068.5,7148.11,18124.301,6705.11,Synapse,,Yes,932.291,387.858,33,37,PreSyn,WSS_030.01,WSS_030.01.T2.01.Zs.4C,T060,Sham,32,15,0.2571155316362146,NA,0.745920745920746
361,143,55.338,26.944,10.341,0.5,893.995,435.276,30,16504.9,7491.65,10307.4,8694.75,Synapse,,Yes,877.84,419.121,28,32,PreSyn,WSS_030.01,WSS_030.01.T2.01.Zs.4C,T060,Sham,32,15,0.3334106776315343,NA,1.1655011655011656
362,144,61.747,20.715,11.287,0.317,997.535,334.653,33,13712.3,9413.54,10213.5,5830.07,Synapse,,Yes,981.38,318.498,31,35,PreSyn,WSS_030.01,WSS_030.01.T2.01.Zs.4C,T060,Sham,32,15,0.2235610672347427,NA,0.738927738927739
363,148,57.15,26.121,5.984,0.582,923.26,421.99,18,16701.699,11403.3,13803.5,5457.91,Synapse,,Yes,907.105,405.835,16,20,PreSyn,WSS_030.01,WSS_030.01.T2.01.Zs.4C,T060,Sham,32,15,0.20929014308081628,NA,1.3566433566433567
364,149,59.422,19.743,8.862,0.468,959.961,318.943,26,15460.2,9299.7,8601.32,7154.5,Synapse,,Yes,943.806,302.788,24,28,PreSyn,WSS_030.01,WSS_030.01.T2.01.Zs.4C,T060,Sham,32,15,0.27434793330628393,NA,1.090909090909091
365,150,54.192,24.239,11.759,0.209,875.475,391.58,35,13919.3,11787.0,13062.4,12730.0,Synapse,,Yes,859.32,375.425,33,37,PreSyn,WSS_030.01,WSS_030.01.T2.01.Zs.4C,T060,Sham,32,15,0.48814720679138923,NA,0.48717948717948717
366,151,54.199,25.635,9.456,0.716,875.588,414.132,28,17996.301,9475.15,13992.9,6515.84,Synapse,,Yes,859.433,397.977,26,30,PreSyn,WSS_030.01,WSS_030.01.T2.01.Zs.4C,T060,Sham,32,15,0.24985774516100595,NA,1.6689976689976689
367,152,57.641,21.323,5.541,0.548,931.2,344.472,16,16949.801,15141.4,14268.3,6657.08,Synapse,,Yes,915.045,328.317,14,18,PreSyn,WSS_030.01,WSS_030.01.T2.01.Zs.4C,T060,Sham,32,15,0.25527376334539054,NA,1.2773892773892774
368,153,54.539,24.198,7.043,0.491,881.081,390.926,21,15250.9,10933.1,10301.1,4907.6,Synapse,,Yes,864.926,374.771,19,23,PreSyn,WSS_030.01,WSS_030.01.T2.01.Zs.4C,T060,Sham,32,15,0.18818784226625468,NA,1.1445221445221445
369,154,53.43,23.791,11.533,0.138,863.158,384.339,34,13379.0,9036.46,11172.3,10897.8,Synapse,,Yes,847.003,368.184,32,36,PreSyn,WSS_030.01,WSS_030.01.T2.01.Zs.4C,T060,Sham,32,15,0.417889287523268,NA,0.3216783216783217
370,155,49.474,27.782,6.854,0.427,799.263,448.822,20,18790.5,13070.0,8717.23,15060.1,Synapse,,Yes,783.108,432.667,18,22,PreSyn,WSS_030.01,WSS_030.01.T2.01.Zs.4C,T060,Sham,32,15,0.5774977021994502,NA,0.9953379953379954
371,156,51.587,25.112,9.369,0.438,833.388,405.695,28,14070.6,10414.6,9055.94,8397.2,Synapse,,Yes,817.233,389.54,26,30,PreSyn,WSS_030.01,WSS_030.01.T2.01.Zs.4C,T060,Sham,32,15,0.3220007639331229,NA,1.020979020979021
372,158,50.659,24.157,11.336,0.451,818.393,390.26,33,14738.5,10059.2,11474.5,9222.42,Synapse,,Yes,802.238,374.105,31,35,PreSyn,WSS_030.01,WSS_030.01.T2.01.Zs.4C,T060,Sham,32,15,0.35364482033441036,NA,1.0512820512820513
373,159,48.946,27.362,7.14,0.168,790.732,442.04,21,22625.5,12974.7,13906.2,8837.71,Synapse,,Yes,774.577,425.885,19,23,PreSyn,WSS_030.01,WSS_030.01.T2.01.Zs.4C,T060,Sham,32,15,0.3388926512908349,NA,0.3916083916083916
374,160,48.692,27.983,7.903,0.743,786.63,452.063,23,22696.4,8737.19,8879.69,13253.3,Synapse,,Yes,770.475,435.908,21,25,PreSyn,WSS_030.01,WSS_030.01.T2.01.Zs.4C,T060,Sham,32,15,0.5082137765725309,NA,1.731934731934732
375,161,47.414,26.062,11.649,0.293,765.984,421.042,34,12982.0,10996.6,11877.3,8049.83,Synapse,,Yes,749.829,404.887,32,36,PreSyn,WSS_030.01,WSS_030.01.T2.01.Zs.4C,T060,Sham,32,15,0.308680442234527,NA,0.682983682983683
376,162,48.018,27.134,8.154,0.407,775.732,438.352,24,17587.6,11063.7,10563.9,12813.9,Synapse,,Yes,759.577,422.197,22,26,PreSyn,WSS_030.01,WSS_030.01.T2.01.Zs.4C,T060,Sham,32,15,0.4913644535038635,NA,0.9487179487179487
377,163,48.984,26.529,9.227,0.575,791.347,428.586,27,17069.5,11467.8,13038.7,9086.59,Synapse,,Yes,775.192,412.431,25,29,PreSyn,WSS_030.01,WSS_030.01.T2.01.Zs.4C,T060,Sham,32,15,0.3484362551263605,NA,1.3403263403263403
378,166,44.352,29.77,9.358,0.423,716.511,480.934,28,13474.2,6759.07,17342.1,6987.32,Synapse,,Yes,700.356,464.779,26,30,PreSyn,WSS_030.01,WSS_030.01.T2.01.Zs.4C,T060,Sham,32,15,0.2679372145292702,NA,0.986013986013986
379,167,42.468,30.765,8.083,0.36,686.071,497.005,24,14432.3,9000.09,18651.199,9108.08,Synapse,,Yes,669.916,480.85,22,26,PreSyn,WSS_030.01,WSS_030.01.T2.01.Zs.4C,T060,Sham,32,15,0.34926031510074756,NA,0.8391608391608392
380,169,42.984,30.229,9.451,0.246,694.415,488.351,28,14323.0,9520.88,16400.0,7046.41,Synapse,,Yes,678.26,472.196,26,30,PreSyn,WSS_030.01,WSS_030.01.T2.01.Zs.4C,T060,Sham,32,15,0.27020309186228697,NA,0.5734265734265734
381,171,48.295,21.728,13.442,0.258,780.21,351.019,40,13869.1,11090.1,16867.199,15374.3,Synapse,,Yes,764.055,334.864,38,42,PreSyn,WSS_030.01,WSS_030.01.T2.01.Zs.4C,T060,Sham,32,15,0.5895460802335314,NA,0.6013986013986015
382,172,50.604,21.711,7.833,0.382,817.517,350.735,23,14553.4,7738.9,6634.07,4648.63,Synapse,,Yes,801.362,334.58,21,25,PreSyn,WSS_030.01,WSS_030.01.T2.01.Zs.4C,T060,Sham,32,15,0.17825732520869253,NA,0.8904428904428905
383,173,49.554,23.194,3.97,0.706,800.541,374.704,12,18613.801,15114.5,11672.1,5667.78,Synapse,,Yes,784.386,358.549,10,14,PreSyn,WSS_030.01,WSS_030.01.T2.01.Zs.4C,T060,Sham,32,15,0.21733786140676353,NA,1.6456876456876457
384,174,46.871,23.425,10.983,0.304,757.199,378.427,32,16009.0,10738.5,11932.8,11941.4,Synapse,,Yes,741.044,362.272,30,34,PreSyn,WSS_030.01,WSS_030.01.T2.01.Zs.4C,T060,Sham,32,15,0.4579073884665118,NA,0.7086247086247086
385,175,47.382,22.762,11.975,0.332,765.468,367.721,35,17248.5,11049.6,11169.3,11920.1,Synapse,,Yes,749.313,351.566,33,37,PreSyn,WSS_030.01,WSS_030.01.T2.01.Zs.4C,T060,Sham,32,15,0.45709061427133063,NA,0.773892773892774
386,177,47.653,24.631,3.953,0.604,769.842,397.908,12,18946.301,14767.9,13911.2,5457.25,Synapse,,Yes,753.687,381.753,10,14,PreSyn,WSS_030.01,WSS_030.01.T2.01.Zs.4C,T060,Sham,32,15,0.20926483458462755,NA,1.407925407925408
387,179,40.222,29.425,6.781,0.437,649.792,475.367,20,15751.3,10159.3,15291.1,8073.49,Synapse,,Yes,633.637,459.212,18,22,PreSyn,WSS_030.01,WSS_030.01.T2.01.Zs.4C,T060,Sham,32,15,0.309587713476686,NA,1.0186480186480187
388,180,39.121,28.646,11.614,0.192,631.998,462.785,34,14895.7,9538.97,23015.9,9535.48,Synapse,,Yes,615.843,446.63,32,36,PreSyn,WSS_030.01,WSS_030.01.T2.01.Zs.4C,T060,Sham,32,15,0.36564948369325656,NA,0.44755244755244755
389,181,43.615,27.099,6.08,0.465,704.609,437.79,18,15574.9,8497.87,15408.8,4503.64,Synapse,,Yes,688.454,421.635,16,20,PreSyn,WSS_030.01,WSS_030.01.T2.01.Zs.4C,T060,Sham,32,15,0.17269750875050843,NA,1.083916083916084
390,182,39.1,26.601,13.244,0.355,631.659,429.75,39,14035.2,10192.4,31004.9,6760.83,Synapse,,Yes,615.504,413.595,37,41,PreSyn,WSS_030.01,WSS_030.01.T2.01.Zs.4C,T060,Sham,32,15,0.2592521822538435,NA,0.8275058275058275
391,183,38.421,28.43,10.898,0.612,620.698,459.289,32,17743.1,15882.8,19912.0,8135.42,Synapse,,Yes,604.543,443.134,30,34,PreSyn,WSS_030.01,WSS_030.01.T2.01.Zs.4C,T060,Sham,32,15,0.3119624940357269,NA,1.4265734265734267
392,184,42.724,26.178,7.218,0.501,690.212,422.903,21,15385.9,10768.2,11602.6,5516.81,Synapse,,Yes,674.057,406.748,19,23,PreSyn,WSS_030.01,WSS_030.01.T2.01.Zs.4C,T060,Sham,32,15,0.2115487346346272,NA,1.167832167832168
393,185,48.585,16.287,7.266,0.32,784.903,263.118,21,14786.8,12198.0,15426.4,6444.53,Synapse,,Yes,768.748,246.963,19,23,PreSyn,WSS_030.01,WSS_030.01.T2.01.Zs.4C,T060,Sham,32,15,0.24712327718643454,NA,0.745920745920746
394,186,45.448,20.676,8.577,0.315,734.212,334.016,25,14477.9,13929.2,8969.55,5945.25,Synapse,,Yes,718.057,317.861,23,27,PreSyn,WSS_030.01,WSS_030.01.T2.01.Zs.4C,T060,Sham,32,15,0.2279777832817366,NA,0.7342657342657343
395,187,47.032,21.143,6.262,0.54,759.813,341.574,18,17692.199,13582.4,14485.4,7621.95,Synapse,,Yes,743.658,325.419,16,20,PreSyn,WSS_030.01,WSS_030.01.T2.01.Zs.4C,T060,Sham,32,15,0.29227286746297165,NA,1.2587412587412588
396,188,39.633,23.137,8.868,0.471,640.279,373.78,26,14863.6,11194.2,9555.21,8698.82,Synapse,,Yes,624.124,357.625,24,28,PreSyn,WSS_030.01,WSS_030.01.T2.01.Zs.4C,T060,Sham,32,15,0.33356674669136466,NA,1.097902097902098
397,189,37.535,24.632,10.76,0.508,606.386,397.924,32,15170.1,10946.6,12741.6,5748.9,Synapse,,Yes,590.231,381.769,30,34,PreSyn,WSS_030.01,WSS_030.01.T2.01.Zs.4C,T060,Sham,32,15,0.22044850566559446,NA,1.1841491841491842
398,190,39.201,25.428,8.697,0.558,633.292,410.788,26,16059.1,12281.1,11051.9,7261.12,Synapse,,Yes,617.137,394.633,24,28,PreSyn,WSS_030.01,WSS_030.01.T2.01.Zs.4C,T060,Sham,32,15,0.27843640582695145,NA,1.3006993006993008
399,192,34.636,26.83,6.804,0.438,559.554,433.449,20,21313.199,12094.5,5691.68,15889.4,Synapse,,Yes,543.399,417.294,18,22,PreSyn,WSS_030.01,WSS_030.01.T2.01.Zs.4C,T060,Sham,32,15,0.6092982111226316,NA,1.020979020979021
400,193,36.916,24.976,5.468,0.526,596.384,403.498,16,16536.4,9207.81,10523.6,7249.66,Synapse,,Yes,580.229,387.343,14,18,PreSyn,WSS_030.01,WSS_030.01.T2.01.Zs.4C,T060,Sham,32,15,0.27799695830222015,NA,1.2261072261072261
401,195,33.997,25.923,7.739,0.822,549.228,418.782,23,24232.301,11319.0,11253.9,15663.8,Synapse,,Yes,533.073,402.627,21,25,PreSyn,WSS_030.01,WSS_030.01.T2.01.Zs.4C,T060,Sham,32,15,0.6006473069708532,NA,1.916083916083916
402,196,36.074,23.293,10.771,0.286,582.779,376.296,32,14294.0,12989.3,9089.29,19696.301,Synapse,,Yes,566.624,360.141,30,34,PreSyn,WSS_030.01,WSS_030.01.T2.01.Zs.4C,T060,Sham,32,15,0.7552784224094616,NA,0.6666666666666666
403,197,33.918,23.948,9.681,0.397,547.952,386.882,28,16224.0,12215.6,8956.92,9845.13,Synapse,,Yes,531.797,370.727,26,30,PreSyn,WSS_030.01,WSS_030.01.T2.01.Zs.4C,T060,Sham,32,15,0.37752338648846107,NA,0.9254079254079255
404,198,35.099,25.008,4.611,0.615,567.023,404.015,14,17301.199,17369.199,10578.6,5542.86,Synapse,,Yes,550.868,387.86,12,16,PreSyn,WSS_030.01,WSS_030.01.T2.01.Zs.4C,T060,Sham,32,15,0.2125476533099544,NA,1.4335664335664335
405,199,35.927,20.895,13.069,0.239,580.406,337.557,38,13218.8,8944.35,9134.72,10650.5,Synapse,,Yes,564.251,321.402,36,40,PreSyn,WSS_030.01,WSS_030.01.T2.01.Zs.4C,T060,Sham,32,15,0.4084062706937699,NA,0.5571095571095571
406,200,31.024,26.531,8.776,0.826,501.187,428.604,26,21129.199,10627.5,9053.49,9893.71,Synapse,,Yes,485.032,412.449,24,28,PreSyn,WSS_030.01,WSS_030.01.T2.01.Zs.4C,T060,Sham,32,15,0.37938624519277575,NA,1.9254079254079253
407,201,36.946,22.564,4.625,0.917,596.861,364.528,14,21627.1,12329.6,12011.5,5256.8,Synapse,,Yes,580.706,348.373,12,16,PreSyn,WSS_030.01,WSS_030.01.T2.01.Zs.4C,T060,Sham,32,15,0.20157833752246465,NA,2.1375291375291376
408,202,31.753,25.814,9.317,0.243,512.979,417.023,27,16116.5,5615.75,8703.5,7685.05,Synapse,,Yes,496.824,400.868,25,29,PreSyn,WSS_030.01,WSS_030.01.T2.01.Zs.4C,T060,Sham,32,15,0.294692513083438,NA,0.5664335664335665
409,203,28.36,27.164,10.722,0.387,458.152,438.835,32,16089.1,10824.5,14093.1,11322.5,Synapse,,Yes,441.997,422.68,30,34,PreSyn,WSS_030.01,WSS_030.01.T2.01.Zs.4C,T060,Sham,32,15,0.4341749213586414,NA,0.9020979020979022
410,204,30.275,25.475,11.691,0.41,489.095,411.557,34,14923.1,10229.8,11700.8,17188.301,Synapse,,Yes,472.94,395.402,32,36,PreSyn,WSS_030.01,WSS_030.01.T2.01.Zs.4C,T060,Sham,32,15,0.6591061368923521,NA,0.9557109557109557
411,205,36.213,21.618,6.97,0.393,585.024,349.247,20,16329.9,12155.6,16072.3,8402.14,Synapse,,Yes,568.869,333.092,18,22,PreSyn,WSS_030.01,WSS_030.01.T2.01.Zs.4C,T060,Sham,32,15,0.3221901941924747,NA,0.9160839160839161
412,206,32.592,23.37,7.945,0.399,526.52,377.538,23,15703.8,10718.9,8770.15,6282.38,Synapse,,Yes,510.365,361.383,21,25,PreSyn,WSS_030.01,WSS_030.01.T2.01.Zs.4C,T060,Sham,32,15,0.24090543982734391,NA,0.9300699300699301
413,208,27.824,27.676,10.182,0.216,449.493,447.11,30,17322.4,11780.9,13951.1,15297.8,Synapse,,Yes,433.338,430.955,28,32,PreSyn,WSS_030.01,WSS_030.01.T2.01.Zs.4C,T060,Sham,32,15,0.5866125954480215,NA,0.5034965034965035
414,209,30.962,22.133,12.92,0.188,500.191,357.564,38,13579.1,8106.85,16725.9,11692.4,Synapse,,Yes,484.036,341.409,36,40,PreSyn,WSS_030.01,WSS_030.01.T2.01.Zs.4C,T060,Sham,32,15,0.4483591830862246,NA,0.4382284382284382
415,210,27.327,28.42,8.786,0.787,441.469,459.134,26,21792.5,9377.85,9178.75,16683.6,Synapse,,Yes,425.314,442.979,24,28,PreSyn,WSS_030.01,WSS_030.01.T2.01.Zs.4C,T060,Sham,32,15,0.6397527682030495,NA,1.8344988344988347
416,211,28.204,28.337,7.353,1.443,455.632,457.782,22,25608.4,9764.08,11270.2,16280.0,Synapse,,Yes,439.477,441.627,20,24,PreSyn,WSS_030.01,WSS_030.01.T2.01.Zs.4C,T060,Sham,32,15,0.6242762393215882,NA,3.3636363636363638
417,212,27.076,23.803,12.506,0.151,437.42,384.546,37,13705.7,14177.3,17360.699,5845.46,Synapse,,Yes,421.265,368.391,35,39,PreSyn,WSS_030.01,WSS_030.01.T2.01.Zs.4C,T060,Sham,32,15,0.22415121535041588,NA,0.351981351981352
418,213,30.44,24.818,6.864,0.362,491.759,400.932,20,15205.0,13098.8,9547.55,6186.22,Synapse,,Yes,475.604,384.777,18,22,PreSyn,WSS_030.01,WSS_030.01.T2.01.Zs.4C,T060,Sham,32,15,0.23721806862506112,NA,0.8438228438228438
419,214,34.125,20.846,8.544,0.296,551.3,336.761,25,14610.0,12890.4,8630.03,5819.65,Synapse,,Yes,535.145,320.606,23,27,PreSyn,WSS_030.01,WSS_030.01.T2.01.Zs.4C,T060,Sham,32,15,0.2231614997646118,NA,0.6899766899766899
420,215,27.204,24.691,6.273,0.411,439.477,398.885,18,17177.6,16277.1,9713.65,4725.62,Synapse,,Yes,423.322,382.73,16,20,PreSyn,WSS_030.01,WSS_030.01.T2.01.Zs.4C,T060,Sham,32,15,0.18120959963531222,NA,0.958041958041958
421,216,27.979,24.839,6.153,0.424,452.006,401.276,18,17898.0,15390.7,11379.2,5560.58,Synapse,,Yes,435.851,385.121,16,20,PreSyn,WSS_030.01,WSS_030.01.T2.01.Zs.4C,T060,Sham,32,15,0.21322714808641502,NA,0.9883449883449883
422,217,31.379,20.24,9.093,0.232,506.935,326.987,27,13120.1,9679.48,6789.56,4587.07,Synapse,,Yes,490.78,310.832,25,29,PreSyn,WSS_030.01,WSS_030.01.T2.01.Zs.4C,T060,Sham,32,15,0.17589673274599982,NA,0.5407925407925408
423,218,22.626,26.706,11.254,0.358,365.519,431.436,33,14198.2,12481.2,16361.3,8622.64,Synapse,,Yes,349.364,415.281,31,35,PreSyn,WSS_030.01,WSS_030.01.T2.01.Zs.4C,T060,Sham,32,15,0.3306455326918856,NA,0.8344988344988344
424,219,21.136,30.131,7.507,0.452,341.449,486.769,22,15217.4,11185.0,15510.9,12032.2,Synapse,,Yes,325.294,470.614,20,24,PreSyn,WSS_030.01,WSS_030.01.T2.01.Zs.4C,T060,Sham,32,15,0.4613892240027772,NA,1.0536130536130537
425,221,26.143,21.731,8.058,0.12,422.342,351.066,24,12360.5,9261.92,6036.77,10168.4,Synapse,,Yes,406.187,334.911,22,26,PreSyn,WSS_030.01,WSS_030.01.T2.01.Zs.4C,T060,Sham,32,15,0.38991956461410543,NA,0.27972027972027974
426,222,35.247,14.754,6.945,0.399,569.422,238.347,20,14569.7,9971.61,10450.0,4756.13,Synapse,,Yes,553.267,222.192,18,22,PreSyn,WSS_030.01,WSS_030.01.T2.01.Zs.4C,T060,Sham,32,15,0.18237954239094503,NA,0.9300699300699301
427,223,28.014,23.397,5.191,0.422,452.562,377.984,15,16400.301,16245.5,14350.7,6505.69,Synapse,,Yes,436.407,361.829,13,17,PreSyn,WSS_030.01,WSS_030.01.T2.01.Zs.4C,T060,Sham,32,15,0.2494685311665886,NA,0.9836829836829837
428,224,22.122,25.672,6.033,0.542,357.381,414.73,18,15385.8,16760.1,8449.46,4880.95,Synapse,,Yes,341.226,398.575,16,20,PreSyn,WSS_030.01,WSS_030.01.T2.01.Zs.4C,T060,Sham,32,15,0.1871659158671195,NA,1.2634032634032635
429,225,19.339,28.756,5.83,0.486,312.422,464.556,17,16560.301,11353.1,13371.5,10683.2,Synapse,,Yes,296.267,448.401,15,19,PreSyn,WSS_030.01,WSS_030.01.T2.01.Zs.4C,T060,Sham,32,15,0.40966019164130163,NA,1.132867132867133
430,226,22.858,23.982,11.031,0.249,369.281,387.428,32,13492.8,6394.31,9924.82,4879.75,Synapse,,Yes,353.126,371.273,30,34,PreSyn,WSS_030.01,WSS_030.01.T2.01.Zs.4C,T060,Sham,32,15,0.18711990041950366,NA,0.5804195804195804
431,227,17.582,28.77,7.686,0.606,284.037,464.784,23,21335.801,13990.9,20564.0,8825.98,Synapse,,Yes,267.882,448.629,21,25,PreSyn,WSS_030.01,WSS_030.01.T2.01.Zs.4C,T060,Sham,32,15,0.33844285029039006,NA,1.4125874125874125
432,230,19.523,26.673,4.743,0.536,315.402,430.91,14,17907.4,15262.7,12374.1,5192.12,Synapse,,Yes,299.247,414.755,12,16,PreSyn,WSS_030.01,WSS_030.01.T2.01.Zs.4C,T060,Sham,32,15,0.19909810489597077,NA,1.2494172494172495
433,231,18.267,25.806,11.27,0.314,295.105,416.895,33,13918.7,11300.8,18574.801,11914.2,Synapse,,Yes,278.95,400.74,31,35,PreSyn,WSS_030.01,WSS_030.01.T2.01.Zs.4C,T060,Sham,32,15,0.4568643716538861,NA,0.7319347319347319
434,232,28.096,17.549,6.63,0.141,453.885,283.504,20,12487.7,12642.5,13730.4,5557.99,Synapse,,Yes,437.73,267.349,18,22,PreSyn,WSS_030.01,WSS_030.01.T2.01.Zs.4C,T060,Sham,32,15,0.21312783141197747,NA,0.32867132867132864
435,233,14.411,30.04,7.764,0.616,232.808,485.3,23,17682.9,9540.26,10135.7,11016.3,Synapse,,Yes,216.653,469.145,21,25,PreSyn,WSS_030.01,WSS_030.01.T2.01.Zs.4C,T060,Sham,32,15,0.4224333129753323,NA,1.435897435897436
436,234,20.967,23.624,6.916,0.371,338.722,381.641,20,15674.7,11099.7,6647.54,4241.57,Synapse,,Yes,322.567,365.486,18,22,PreSyn,WSS_030.01,WSS_030.01.T2.01.Zs.4C,T060,Sham,32,15,0.162648118453272,NA,0.8648018648018648
437,235,17.114,27.042,9.694,0.398,276.483,436.861,29,14666.5,12377.4,15054.7,5409.23,Synapse,,Yes,260.328,420.706,27,31,PreSyn,WSS_030.01,WSS_030.01.T2.01.Zs.4C,T060,Sham,32,15,0.20742344975586693,NA,0.9277389277389279
438,236,14.671,29.088,5.593,0.826,237.016,469.918,16,22240.699,9724.99,10958.8,6810.84,Synapse,,Yes,220.861,453.763,14,18,PreSyn,WSS_030.01,WSS_030.01.T2.01.Zs.4C,T060,Sham,32,15,0.2611698760332337,NA,1.9254079254079253
439,237,12.059,32.261,6.139,0.64,194.817,521.184,18,19345.0,14169.7,8155.07,12319.8,Synapse,,Yes,178.662,505.029,16,20,PreSyn,WSS_030.01,WSS_030.01.T2.01.Zs.4C,T060,Sham,32,15,0.4724175929480406,NA,1.491841491841492
440,238,19.205,25.675,5.363,0.57,310.26,414.784,16,19290.699,17486.801,13196.3,6490.32,Synapse,,Yes,294.105,398.629,14,18,PreSyn,WSS_030.01,WSS_030.01.T2.01.Zs.4C,T060,Sham,32,15,0.24887914997504235,NA,1.3286713286713285
441,239,18.713,23.262,7.327,0.401,302.304,375.795,22,15950.0,17435.1,14056.9,6686.51,Synapse,,Yes,286.149,359.64,20,24,PreSyn,WSS_030.01,WSS_030.01.T2.01.Zs.4C,T060,Sham,32,15,0.25640229219816907,NA,0.9347319347319348
442,240,14.948,26.387,9.322,0.302,241.49,426.283,27,13990.8,8059.96,9686.35,10837.8,Synapse,,Yes,225.335,410.128,25,29,PreSyn,WSS_030.01,WSS_030.01.T2.01.Zs.4C,T060,Sham,32,15,0.41558851514247586,NA,0.703962703962704
443,242,14.056,22.777,12.163,0.231,227.069,367.964,36,13465.6,10860.3,14321.7,8330.97,Synapse,,Yes,210.914,351.809,34,38,PreSyn,WSS_030.01,WSS_030.01.T2.01.Zs.4C,T060,Sham,32,15,0.3194610946867918,NA,0.5384615384615385
444,243,14.583,27.51,5.71,0.619,235.593,444.426,17,18532.199,7659.39,9588.78,5551.97,Synapse,,Yes,219.438,428.271,15,19,PreSyn,WSS_030.01,WSS_030.01.T2.01.Zs.4C,T060,Sham,32,15,0.21289698724977135,NA,1.442890442890443
445,245,12.127,27.037,3.951,0.576,195.91,436.78,12,20097.0,11328.0,8470.0,4908.86,Synapse,,Yes,179.755,420.625,10,14,PreSyn,WSS_030.01,WSS_030.01.T2.01.Zs.4C,T060,Sham,32,15,0.18823615848625128,NA,1.3426573426573425
446,248,12.473,24.955,5.257,0.656,201.499,403.152,15,19386.5,10385.4,13279.2,6358.63,Synapse,,Yes,185.344,386.997,13,17,PreSyn,WSS_030.01,WSS_030.01.T2.01.Zs.4C,T060,Sham,32,15,0.2438293380612672,NA,1.5291375291375293
447,249,9.88,27.179,8.747,0.547,159.616,439.076,26,17116.9,12337.1,11349.6,4540.84,Synapse,,Yes,143.461,422.921,24,28,PreSyn,WSS_030.01,WSS_030.01.T2.01.Zs.4C,T060,Sham,32,15,0.17412398762659953,NA,1.275058275058275
448,250,13.846,23.765,7.511,0.408,223.683,383.932,22,15924.7,8007.82,7206.5,4873.27,Synapse,,Yes,207.528,367.777,20,24,PreSyn,WSS_030.01,WSS_030.01.T2.01.Zs.4C,T060,Sham,32,15,0.18687141700237814,NA,0.951048951048951
449,252,10.129,26.916,5.408,0.56,163.635,434.83,16,17882.1,12084.9,8783.76,4608.17,Synapse,,Yes,147.48,418.675,14,18,PreSyn,WSS_030.01,WSS_030.01.T2.01.Zs.4C,T060,Sham,32,15,0.17670583769991172,NA,1.3053613053613056
450,255,10.607,23.605,11.536,0.28,171.351,381.341,34,14024.3,10814.3,12729.9,11310.9,Synapse,,Yes,155.196,365.186,32,36,PreSyn,WSS_030.01,WSS_030.01.T2.01.Zs.4C,T060,Sham,32,15,0.43373010536502155,NA,0.6526806526806528
451,257,10.632,22.573,7.954,0.38,171.756,364.669,23,15368.4,11671.9,13960.8,7451.35,Synapse,,Yes,155.601,348.514,21,25,PreSyn,WSS_030.01,WSS_030.01.T2.01.Zs.4C,T060,Sham,32,15,0.2857310046602528,NA,0.8857808857808858
452,269,13.476,30.508,5.407,0.817,217.7,492.855,16,19300.0,13291.3,9963.39,7369.97,Synapse,,Yes,201.545,476.7,14,18,PreSyn,WSS_030.01,WSS_030.01.T2.01.Zs.4C,T060,Sham,32,15,0.2826103903877718,NA,1.9044289044289044
453,270,13.37,30.494,7.629,0.494,216.002,492.637,22,16210.9,9790.0,6841.61,6173.9,Synapse,,Yes,199.847,476.482,20,24,PreSyn,WSS_030.01,WSS_030.01.T2.01.Zs.4C,T060,Sham,32,15,0.2367456433628718,NA,1.1515151515151516
454,271,11.198,31.087,6.801,0.742,180.897,502.207,20,22883.4,13705.6,8472.68,15105.5,Synapse,,Yes,164.742,486.052,18,22,PreSyn,WSS_030.01,WSS_030.01.T2.01.Zs.4C,T060,Sham,32,15,0.5792386199675829,NA,1.7296037296037297
455,272,11.4,31.653,7.36,0.379,184.166,511.352,22,20547.699,13822.7,6603.91,16629.801,Synapse,,Yes,168.011,495.197,20,24,PreSyn,WSS_030.01,WSS_030.01.T2.01.Zs.4C,T060,Sham,32,15,0.6376897806478123,NA,0.8834498834498835
456,275,17.91,30.584,9.168,0.568,289.333,494.082,27,21250.0,11378.7,8057.11,18967.6,Synapse,,Yes,273.178,477.927,25,29,PreSyn,WSS_030.01,WSS_030.01.T2.01.Zs.4C,T060,Sham,32,15,0.7273355034985353,NA,1.3240093240093238
457,277,18.25,30.187,9.801,0.182,294.827,487.677,29,18391.1,9096.11,16261.3,18176.0,Synapse,,Yes,278.672,471.522,27,31,PreSyn,WSS_030.01,WSS_030.01.T2.01.Zs.4C,T060,Sham,32,15,0.6969806465546182,NA,0.42424242424242425
458,279,17.987,29.472,6.82,0.545,290.582,476.131,20,22411.6,14290.0,10827.8,8261.51,Synapse,,Yes,274.427,459.976,18,22,PreSyn,WSS_030.01,WSS_030.01.T2.01.Zs.4C,T060,Sham,32,15,0.3167975671939615,NA,1.2703962703962706
459,280,18.005,29.598,8.581,0.912,290.874,478.157,25,27006.4,10388.5,16452.0,10814.9,Synapse,,Yes,274.719,462.002,23,27,PreSyn,WSS_030.01,WSS_030.01.T2.01.Zs.4C,T060,Sham,32,15,0.41471038701714025,NA,2.125874125874126
460,281,22.659,28.381,8.191,0.374,366.061,458.494,24,15845.3,13195.6,18777.1,7478.54,Synapse,,Yes,349.906,442.339,22,26,PreSyn,WSS_030.01,WSS_030.01.T2.01.Zs.4C,T060,Sham,32,15,0.28677363801081507,NA,0.8717948717948718
461,282,22.531,28.685,9.629,0.431,363.997,463.415,28,15140.9,10804.5,15683.8,7197.28,Synapse,,Yes,347.842,447.26,26,30,PreSyn,WSS_030.01,WSS_030.01.T2.01.Zs.4C,T060,Sham,32,15,0.27598838401378867,NA,1.0046620046620047
462,283,35.09,26.327,5.917,0.626,566.88,425.321,17,21237.0,13865.0,8425.72,10002.8,Synapse,,Yes,550.725,409.166,15,19,PreSyn,WSS_030.01,WSS_030.01.T2.01.Zs.4C,T060,Sham,32,15,0.38356943284311923,NA,1.4592074592074593
463,284,34.996,25.711,8.366,1.113,565.368,415.355,25,22979.4,15007.3,11369.9,13988.7,Synapse,,Yes,549.213,399.2,23,27,PreSyn,WSS_030.01,WSS_030.01.T2.01.Zs.4C,T060,Sham,32,15,0.5364135767197727,NA,2.5944055944055946
464,285,40.947,30.4,9.142,0.646,661.496,491.115,27,15805.4,10887.1,28001.699,9710.96,Synapse,,Yes,645.341,474.96,25,29,PreSyn,WSS_030.01,WSS_030.01.T2.01.Zs.4C,T060,Sham,32,15,0.3723784759829465,NA,1.505827505827506
465,294,40.963,30.242,7.003,0.396,661.753,488.565,21,15451.0,11271.1,16114.4,9186.33,Synapse,,Yes,645.598,472.41,19,23,PreSyn,WSS_030.01,WSS_030.01.T2.01.Zs.4C,T060,Sham,32,15,0.3522609057473639,NA,0.9230769230769231
466,301,44.831,28.635,7.827,0.597,724.242,462.601,23,17869.801,9465.24,14064.1,7431.35,Synapse,,Yes,708.087,446.446,21,25,PreSyn,WSS_030.01,WSS_030.01.T2.01.Zs.4C,T060,Sham,32,15,0.2849640805333221,NA,1.3916083916083917
467,302,44.397,28.096,6.796,0.48,717.231,453.895,20,16610.199,8406.21,11213.9,6234.59,Synapse,,Yes,701.076,437.74,18,22,PreSyn,WSS_030.01,WSS_030.01.T2.01.Zs.4C,T060,Sham,32,15,0.239072874626043,NA,1.118881118881119
468,303,51.49,27.106,9.049,0.473,831.821,437.898,27,18407.801,8355.4,10143.7,11628.3,Synapse,,Yes,815.666,421.743,25,29,PreSyn,WSS_030.01,WSS_030.01.T2.01.Zs.4C,T060,Sham,32,15,0.4459011912594117,NA,1.1025641025641024
469,304,51.332,26.72,7.811,0.725,829.267,431.667,23,18571.9,7738.5,11781.6,5836.8,Synapse,,Yes,813.112,415.512,21,25,PreSyn,WSS_030.01,WSS_030.01.T2.01.Zs.4C,T060,Sham,32,15,0.2238191372034549,NA,1.68997668997669
470,305,57.725,27.971,8.734,0.582,932.552,451.866,26,15666.0,10229.7,10984.3,9683.26,Synapse,,Yes,916.397,435.711,24,28,PreSyn,WSS_030.01,WSS_030.01.T2.01.Zs.4C,T060,Sham,32,15,0.3713162860671475,NA,1.3566433566433567
471,306,57.333,27.77,10.178,0.408,926.218,448.622,30,15212.6,9966.44,11325.1,14415.4,Synapse,,Yes,910.063,432.467,28,32,PreSyn,WSS_030.01,WSS_030.01.T2.01.Zs.4C,T060,Sham,32,15,0.5527759029678391,NA,0.951048951048951
472,307,59.554,26.875,7.589,0.653,962.102,434.17,22,17009.699,10416.0,7992.77,8671.13,Synapse,,Yes,945.947,418.015,20,24,PreSyn,WSS_030.01,WSS_030.01.T2.01.Zs.4C,T060,Sham,32,15,0.3325049402376291,NA,1.5221445221445222
473,308,59.192,26.977,10.102,0.613,956.257,435.809,30,14118.5,7896.6,4969.7,9000.85,Synapse,,Yes,940.102,419.654,28,32,PreSyn,WSS_030.01,WSS_030.01.T2.01.Zs.4C,T060,Sham,32,15,0.34514845139420863,NA,1.4289044289044288
474,309,60.073,23.555,6.451,0.556,970.478,380.54,19,17350.1,12577.5,12333.7,6198.41,Synapse,,Yes,954.323,364.385,17,21,PreSyn,WSS_030.01,WSS_030.01.T2.01.Zs.4C,T060,Sham,32,15,0.23768550888042536,NA,1.2960372960372961
475,310,59.857,23.942,4.698,0.53,966.997,386.784,14,16998.199,13753.8,11973.7,5713.77,Synapse,,Yes,950.842,370.629,12,16,PreSyn,WSS_030.01,WSS_030.01.T2.01.Zs.4C,T060,Sham,32,15,0.2191014034366407,NA,1.2354312354312356
476,311,64.389,27.361,12.462,0.44,1040.21,442.015,37,15253.0,7642.89,11610.5,6747.09,Synapse,,Yes,1024.055,425.86,35,39,PreSyn,WSS_030.01,WSS_030.01.T2.01.Zs.4C,T060,Sham,32,15,0.25872530537864213,NA,1.0256410256410258
477,312,63.808,27.492,10.556,0.329,1030.821,444.132,31,15395.3,9572.34,14803.3,7589.9,Synapse,,Yes,1014.666,427.977,29,33,PreSyn,WSS_030.01,WSS_030.01.T2.01.Zs.4C,T060,Sham,32,15,0.2910438715495652,NA,0.7668997668997669
478,313,71.437,26.207,10.783,1.368,1154.069,423.37,32,22642.5,11903.5,14413.5,13259.8,Synapse,,Yes,1137.914,407.215,30,34,PreSyn,WSS_030.01,WSS_030.01.T2.01.Zs.4C,T060,Sham,32,15,0.5084630269137834,NA,3.188811188811189
479,314,70.885,26.272,10.019,0.273,1145.15,424.425,29,18405.0,10940.6,14496.4,9347.41,Synapse,,Yes,1128.995,408.27,27,31,PreSyn,WSS_030.01,WSS_030.01.T2.01.Zs.4C,T060,Sham,32,15,0.35843771266566377,NA,0.6363636363636365
480,315,72.088,26.443,6.553,0.432,1164.588,427.187,19,15895.8,10727.8,10253.4,7168.34,Synapse,,Yes,1148.433,411.032,17,21,PreSyn,WSS_030.01,WSS_030.01.T2.01.Zs.4C,T060,Sham,32,15,0.27487864480212,NA,1.006993006993007
481,316,71.91,26.044,4.752,0.585,1161.714,420.735,14,18046.199,15843.4,11895.2,4480.0,Synapse,,Yes,1145.559,404.58,12,16,PreSyn,WSS_030.01,WSS_030.01.T2.01.Zs.4C,T060,Sham,32,15,0.17179100443247633,NA,1.3636363636363635
482,318,79.656,27.549,11.322,1.247,1286.856,445.048,33,22647.1,13047.2,15270.0,11233.3,Synapse,,Yes,1270.701,428.893,31,35,PreSyn,WSS_030.01,WSS_030.01.T2.01.Zs.4C,T060,Sham,32,15,0.4307544397525304,NA,2.9067599067599073
483,319,87.656,26.553,6.058,0.735,1416.082,428.968,18,21890.0,17203.301,18177.199,7236.98,Synapse,,Yes,1399.927,412.813,16,20,PreSyn,WSS_030.01,WSS_030.01.T2.01.Zs.4C,T060,Sham,32,15,0.2775107284057461,NA,1.7132867132867133
484,320,87.57,27.026,4.654,0.559,1414.7,436.607,14,21651.4,15544.1,16826.699,5862.78,Synapse,,Yes,1398.545,420.452,12,16,PreSyn,WSS_030.01,WSS_030.01.T2.01.Zs.4C,T060,Sham,32,15,0.22481537164433785,NA,1.3030303030303032
485,321,90.661,28.153,10.552,0.359,1464.63,454.813,31,16157.6,9972.03,12800.8,8756.28,Synapse,,Yes,1448.475,438.658,29,33,PreSyn,WSS_030.01,WSS_030.01.T2.01.Zs.4C,T060,Sham,32,15,0.3357701197080366,NA,0.8368298368298368
486,330,90.539,28.216,8.787,0.665,1462.674,455.84,26,19339.301,12176.4,14326.1,8985.01,Synapse,,Yes,1446.519,439.685,24,28,PreSyn,WSS_030.01,WSS_030.01.T2.01.Zs.4C,T060,Sham,32,15,0.34454104748567954,NA,1.5501165501165501
487,339,92.834,23.307,12.995,0.342,1499.738,376.532,38,15869.8,7425.53,14575.7,8163.13,Synapse,,Yes,1483.583,360.377,36,40,PreSyn,WSS_030.01,WSS_030.01.T2.01.Zs.4C,T060,Sham,32,15,0.31302506741358943,NA,0.7972027972027973
488,340,92.656,22.818,13.4,0.255,1496.867,368.627,39,15071.8,7030.39,12929.0,13991.4,Synapse,,Yes,1480.712,352.472,37,41,PreSyn,WSS_030.01,WSS_030.01.T2.01.Zs.4C,T060,Sham,32,15,0.5365171114769083,NA,0.5944055944055944
489,341,95.459,27.456,11.643,0.345,1542.153,443.549,34,19694.0,8116.87,13073.4,13366.8,Synapse,,Yes,1525.998,427.394,32,36,PreSyn,WSS_030.01,WSS_030.01.T2.01.Zs.4C,T060,Sham,32,15,0.5125660709928627,NA,0.8041958041958042
490,343,95.988,27.303,8.851,1.268,1550.701,441.087,26,28706.699,14852.9,15437.3,10822.0,Synapse,,Yes,1534.546,424.932,24,28,PreSyn,WSS_030.01,WSS_030.01.T2.01.Zs.4C,T060,Sham,32,15,0.4149826450822006,NA,2.955710955710956
491,344,95.579,27.31,10.089,0.579,1544.092,441.189,30,23160.6,11525.9,18572.4,12963.8,Synapse,,Yes,1527.937,425.034,28,32,PreSyn,WSS_030.01,WSS_030.01.T2.01.Zs.4C,T060,Sham,32,15,0.4971125498352091,NA,1.3496503496503496
492,345,102.446,27.795,9.612,0.415,1655.024,449.024,28,14835.2,11092.9,12127.9,6520.34,Synapse,,Yes,1638.869,432.869,26,30,PreSyn,WSS_030.01,WSS_030.01.T2.01.Zs.4C,T060,Sham,32,15,0.25003030308956536,NA,0.9673659673659674
493,346,102.237,28.115,10.335,0.298,1651.648,454.202,30,15118.9,11468.4,13621.3,8317.82,Synapse,,Yes,1635.493,438.047,28,32,PreSyn,WSS_030.01,WSS_030.01.T2.01.Zs.4C,T060,Sham,32,15,0.31895684207333486,NA,0.6946386946386947
494,347,101.728,25.292,14.828,0.167,1643.425,408.595,44,13137.3,10652.0,17491.699,10200.2,Synapse,,Yes,1627.27,392.44,42,46,PreSyn,WSS_030.01,WSS_030.01.T2.01.Zs.4C,T060,Sham,32,15,0.3911389739759253,NA,0.3892773892773893
495,348,101.412,25.489,14.02,0.305,1638.32,411.777,41,13766.0,8869.57,14977.1,9192.69,Synapse,,Yes,1622.165,395.622,39,43,PreSyn,WSS_030.01,WSS_030.01.T2.01.Zs.4C,T060,Sham,32,15,0.35250478761972787,NA,0.710955710955711
496,349,106.362,27.746,10.34,0.389,1718.288,448.237,30,16694.699,10658.6,8337.88,9300.8,Synapse,,Yes,1702.133,432.082,28,32,PreSyn,WSS_030.01,WSS_030.01.T2.01.Zs.4C,T060,Sham,32,15,0.35665039598785175,NA,0.9067599067599068
497,350,105.949,27.787,10.793,0.491,1711.615,448.903,32,17654.5,10781.5,9514.83,9580.7,Synapse,,Yes,1695.46,432.748,30,34,PreSyn,WSS_030.01,WSS_030.01.T2.01.Zs.4C,T060,Sham,32,15,0.3673834991442469,NA,1.1445221445221445
498,351,110.917,21.737,8.275,0.421,1791.874,351.171,24,15836.1,12506.6,10691.2,5466.12,Synapse,,Yes,1775.719,335.016,22,26,PreSyn,WSS_030.01,WSS_030.01.T2.01.Zs.4C,T060,Sham,32,15,0.20960496543492133,NA,0.9813519813519813
499,352,110.97,22.096,9.607,0.458,1792.73,356.964,28,17066.301,11022.4,13809.3,7218.0,Synapse,,Yes,1776.575,340.809,26,30,PreSyn,WSS_030.01,WSS_030.01.T2.01.Zs.4C,T060,Sham,32,15,0.2767829174092889,NA,1.0675990675990676
500,353,116.271,28.897,11.369,0.829,1878.368,466.834,33,20161.801,7303.15,14893.2,6865.27,Synapse,,Yes,1862.213,450.679,31,35,PreSyn,WSS_030.01,WSS_030.01.T2.01.Zs.4C,T060,Sham,32,15,0.26325706004467564,NA,1.9324009324009324
501,354,115.967,29.386,13.119,0.344,1873.457,474.727,39,17403.4,9199.21,15430.8,11407.7,Synapse,,Yes,1857.302,458.572,37,41,PreSyn,WSS_030.01,WSS_030.01.T2.01.Zs.4C,T060,Sham,32,15,0.4374420181393662,NA,0.8018648018648018
502,355,118.521,30.283,11.656,0.536,1914.717,489.228,34,20235.4,14275.8,10277.9,20646.4,Synapse,,Yes,1898.562,473.073,32,36,PreSyn,WSS_030.01,WSS_030.01.T2.01.Zs.4C,T060,Sham,32,15,0.7917111147130982,NA,1.2494172494172495
503,356,118.033,30.328,11.147,0.465,1906.834,489.947,33,20129.801,10543.5,9065.01,13896.7,Synapse,,Yes,1890.679,473.792,31,35,PreSyn,WSS_030.01,WSS_030.01.T2.01.Zs.4C,T060,Sham,32,15,0.5328857257358915,NA,1.083916083916084
504,357,116.972,29.508,13.306,0.426,1889.693,476.698,39,19791.1,11935.7,17735.301,14588.3,Synapse,,Yes,1873.538,460.543,37,41,PreSyn,WSS_030.01,WSS_030.01.T2.01.Zs.4C,T060,Sham,32,15,0.559405962045155,NA,0.993006993006993
505,358,116.936,30.074,11.599,0.517,1889.111,485.845,34,19501.199,11247.1,13921.7,14177.7,Synapse,,Yes,1872.956,469.69,32,36,PreSyn,WSS_030.01,WSS_030.01.T2.01.Zs.4C,T060,Sham,32,15,0.5436610097192678,NA,1.2051282051282053
506,360,118.691,29.414,13.236,0.633,1917.464,475.192,39,22362.5,12158.5,13801.0,11290.6,Synapse,,Yes,1901.309,459.037,37,41,PreSyn,WSS_030.01,WSS_030.01.T2.01.Zs.4C,T060,Sham,32,15,0.4329516773761869,NA,1.4755244755244756
507,361,118.314,28.75,14.856,0.127,1911.373,464.465,44,15257.6,12166.1,16089.7,15244.7,Synapse,,Yes,1895.218,448.31,42,46,PreSyn,WSS_030.01,WSS_030.01.T2.01.Zs.4C,T060,Sham,32,15,0.5845764118910206,NA,0.29603729603729606
508,362,117.987,29.028,14.342,0.438,1906.09,468.958,42,17926.1,12733.4,14168.3,13634.4,Synapse,,Yes,1889.935,452.803,40,44,PreSyn,WSS_030.01,WSS_030.01.T2.01.Zs.4C,T060,Sham,32,15,0.5228275158111954,NA,1.020979020979021
509,363,79.717,27.233,9.722,0.421,1287.83,439.958,29,24702.5,12799.0,15641.2,9019.62,Synapse,,Yes,1271.675,423.803,27,31,PreSyn,WSS_030.01,WSS_030.01.T2.01.Zs.4C,T060,Sham,32,15,0.3458682096873331,NA,0.9813519813519813
510,364,79.372,27.37,8.59,0.637,1282.27,442.158,25,22875.4,13822.1,11370.6,12682.7,Synapse,,Yes,1266.115,426.003,23,27,PreSyn,WSS_030.01,WSS_030.01.T2.01.Zs.4C,T060,Sham,32,15,0.48633343123119815,NA,1.4848484848484849
511,1,112.19,25.648,9.4,0.256,1812.439,414.352,28,1014.35,13683.0,6577.24,5390.19,Unpaired,Uncertain,Yes,1796.284,398.197,26,30,PostSyn,WSS_031.03,WSS_031.03.T3.01.Zs.4C,B017,Noise,32,16,0.14008061862202484,Negative,0.5967365967365967
512,5,115.188,25.267,8.523,0.357,1860.872,408.199,25,27600.699,14212.9,9979.69,18679.1,Synapse,Positive,Yes,1844.717,392.044,23,27,PostSyn,WSS_031.03,WSS_031.03.T3.01.Zs.4C,B017,Noise,32,16,0.4854337014655632,Positive,0.8321678321678322
513,7,115.457,24.206,12.997,0.135,1865.218,391.044,38,1232.19,13861.5,12969.2,38479.199,Synapse,Positive,Yes,1849.063,374.889,36,40,PostSyn,WSS_031.03,WSS_031.03.T3.01.Zs.4C,B017,Noise,32,16,1.0,Positive,0.3146853146853147
514,13,118.291,23.48,15.597,0.1,1911.002,379.317,46,887.417,14477.9,3577.3,2494.61,Unpaired,Negative,Yes,1894.847,363.162,44,48,PostSyn,WSS_031.03,WSS_031.03.T3.01.Zs.4C,B017,Noise,32,16,0.06483009170747031,Negative,0.23310023310023312
515,55,113.29,23.106,6.615,0.575,1830.21,373.278,19,7072.28,14809.5,6893.27,2079.38,Synapse,Negative,Yes,1814.055,357.123,17,21,PostSyn,WSS_031.03,WSS_031.03.T3.01.Zs.4C,B017,Noise,32,16,0.05403906666560289,Negative,1.3403263403263403
516,56,111.561,25.103,6.753,0.621,1802.278,405.535,20,5864.29,16013.7,10906.3,2265.5,Synapse,Negative,Yes,1786.123,389.38,18,22,PostSyn,WSS_031.03,WSS_031.03.T3.01.Zs.4C,B017,Noise,32,16,0.058875965687331486,Negative,1.4475524475524475
517,58,116.223,19.891,11.547,0.655,1877.593,321.346,34,1003.67,16922.801,3387.33,2273.04,Unpaired,Negative,Yes,1861.438,305.191,32,36,PostSyn,WSS_031.03,WSS_031.03.T3.01.Zs.4C,B017,Noise,32,16,0.05907191571217477,Negative,1.526806526806527
518,64,109.965,22.961,12.038,0.34,1776.494,370.931,35,12042.2,15001.7,11672.6,3421.48,Synapse,Uncertain,Yes,1760.339,354.776,33,37,PostSyn,WSS_031.03,WSS_031.03.T3.01.Zs.4C,B017,Noise,32,16,0.08891765132636986,Negative,0.7925407925407926
519,71,104.125,26.003,15.3,0.205,1682.149,420.073,45,693.006,13082.1,6382.71,3851.56,Unpaired,Negative,Yes,1665.994,403.918,43,47,PostSyn,WSS_031.03,WSS_031.03.T3.01.Zs.4C,B017,Noise,32,16,0.10009459916252414,Negative,0.47785547785547783
520,73,102.502,26.451,14.223,0.115,1655.929,427.315,42,835.944,13585.3,8507.93,16563.199,Unpaired,Positive,Yes,1639.774,411.16,40,44,PostSyn,WSS_031.03,WSS_031.03.T3.01.Zs.4C,B017,Noise,32,16,0.4304455246066843,Positive,0.2680652680652681
521,74,106.164,24.144,11.608,0.476,1715.089,390.044,34,35132.398,15830.4,10298.5,3552.76,Synapse,Uncertain,Yes,1698.934,373.889,32,36,PostSyn,WSS_031.03,WSS_031.03.T3.01.Zs.4C,B017,Noise,32,16,0.0923293647562674,Negative,1.1095571095571095
522,75,105.046,25.318,12.0,0.309,1697.027,409.015,35,1200.12,14654.3,16568.6,17846.301,Synapse,Positive,Yes,1680.872,392.86,33,37,PostSyn,WSS_031.03,WSS_031.03.T3.01.Zs.4C,B017,Noise,32,16,0.46379086529321983,Positive,0.7202797202797203
523,76,113.178,18.609,8.762,0.419,1828.401,300.635,26,10341.5,15257.4,5550.93,2282.21,Synapse,Negative,Yes,1812.246,284.48,24,28,PostSyn,WSS_031.03,WSS_031.03.T3.01.Zs.4C,B017,Noise,32,16,0.05931022628615528,Negative,0.9766899766899767
524,84,105.43,25.891,8.79,0.51,1703.231,418.275,26,1407.28,15218.8,6553.04,9520.42,Unpaired,Positive,Yes,1687.076,402.12,24,28,PostSyn,WSS_031.03,WSS_031.03.T3.01.Zs.4C,B017,Noise,32,16,0.24741731240299467,Positive,1.1888111888111887
525,85,109.227,19.227,8.182,0.56,1764.572,310.611,24,6576.22,15225.9,7336.06,2140.31,Synapse,Negative,Yes,1748.417,294.456,22,26,PostSyn,WSS_031.03,WSS_031.03.T3.01.Zs.4C,B017,Noise,32,16,0.05562251958519199,Negative,1.3053613053613056
526,87,104.999,24.586,5.289,0.442,1696.268,397.187,16,1556.31,15559.4,6288.21,2045.86,Unpaired,Negative,Yes,1680.113,381.032,14,18,PostSyn,WSS_031.03,WSS_031.03.T3.01.Zs.4C,B017,Noise,32,16,0.053167946661259756,Negative,1.0303030303030303
527,88,106.682,22.675,8.079,0.199,1723.457,366.318,24,6733.61,14676.5,5367.75,2443.13,Synapse,Negative,Yes,1707.302,350.163,22,26,PostSyn,WSS_031.03,WSS_031.03.T3.01.Zs.4C,B017,Noise,32,16,0.06349222602060922,Negative,0.4638694638694639
528,90,106.229,23.316,9.802,0.384,1716.139,376.68,29,1625.84,15514.2,12781.3,2558.15,Synapse,Negative,Yes,1699.984,360.525,27,31,PostSyn,WSS_031.03,WSS_031.03.T3.01.Zs.4C,B017,Noise,32,16,0.06648137348181286,Negative,0.8951048951048951
529,91,105.753,20.393,11.05,0.768,1708.449,329.457,33,1512.2,17592.1,4715.45,2523.19,Synapse,Negative,Yes,1692.294,313.302,31,35,PostSyn,WSS_031.03,WSS_031.03.T3.01.Zs.4C,B017,Noise,32,16,0.06557283066105404,Negative,1.7902097902097902
530,93,102.024,26.279,6.249,0.232,1648.207,424.543,18,1433.26,12803.5,6898.65,2691.94,Unpaired,Uncertain,Yes,1632.052,408.388,16,20,PostSyn,WSS_031.03,WSS_031.03.T3.01.Zs.4C,B017,Noise,32,16,0.06995831695976831,Negative,0.5407925407925408
531,96,102.069,24.074,12.956,0.121,1648.934,388.913,38,9616.74,14882.3,19571.0,9871.4,Synapse,Positive,Yes,1632.779,372.758,36,40,PostSyn,WSS_031.03,WSS_031.03.T3.01.Zs.4C,B017,Noise,32,16,0.25653860414298124,Positive,0.28205128205128205
532,97,102.573,22.318,10.359,0.502,1657.076,360.543,30,15541.0,17563.699,14682.6,2641.18,Synapse,Negative,Yes,1640.921,344.388,28,32,PostSyn,WSS_031.03,WSS_031.03.T3.01.Zs.4C,B017,Noise,32,16,0.06863916268111506,Negative,1.1701631701631703
533,98,100.811,26.042,4.93,0.451,1628.611,420.712,14,1394.21,14466.2,6658.04,2171.64,Unpaired,Negative,Yes,1612.456,404.557,12,16,PostSyn,WSS_031.03,WSS_031.03.T3.01.Zs.4C,B017,Noise,32,16,0.056436725722902904,Negative,1.0512820512820513
534,109,100.016,23.689,8.189,0.181,1615.767,382.691,24,1863.02,13418.9,7838.22,2348.7,Synapse,Negative,Yes,1599.612,366.536,22,26,PostSyn,WSS_031.03,WSS_031.03.T3.01.Zs.4C,B017,Noise,32,16,0.06103817285801609,Negative,0.4219114219114219
535,110,102.873,21.664,6.669,0.43,1661.922,349.985,20,25807.699,15095.2,5517.33,6534.89,Synapse,Positive,Yes,1645.767,333.83,18,22,PostSyn,WSS_031.03,WSS_031.03.T3.01.Zs.4C,B017,Noise,32,16,0.16982915886580696,Negative,1.0023310023310024
536,113,96.107,22.563,14.942,0.171,1552.619,364.511,44,10173.9,14981.5,14255.0,13380.0,Synapse,Positive,Yes,1536.464,348.356,42,46,PostSyn,WSS_031.03,WSS_031.03.T3.01.Zs.4C,B017,Noise,32,16,0.3477203358625007,Positive,0.39860139860139865
537,117,99.984,23.47,5.868,0.627,1615.255,379.162,17,7943.89,16040.9,13029.8,2285.1,Synapse,Negative,Yes,1599.1,363.007,15,19,PostSyn,WSS_031.03,WSS_031.03.T3.01.Zs.4C,B017,Noise,32,16,0.05938533179965622,Negative,1.4615384615384617
538,119,98.528,22.785,4.783,0.587,1591.73,368.086,14,12154.0,16912.6,7806.53,2111.49,Synapse,Negative,Yes,1575.575,351.931,12,16,PostSyn,WSS_031.03,WSS_031.03.T3.01.Zs.4C,B017,Noise,32,16,0.054873543495538975,Negative,1.3682983682983683
539,125,102.153,17.463,7.506,0.331,1650.291,282.11,22,10648.4,13701.7,7477.18,2108.98,Synapse,Negative,Yes,1634.136,265.955,20,24,PostSyn,WSS_031.03,WSS_031.03.T3.01.Zs.4C,B017,Noise,32,16,0.054808313447481063,Negative,0.7715617715617716
540,130,96.813,21.242,5.285,0.107,1564.026,343.168,16,2207.39,14634.2,7957.44,2264.59,Synapse,Negative,Yes,1547.871,327.013,14,18,PostSyn,WSS_031.03,WSS_031.03.T3.01.Zs.4C,B017,Noise,32,16,0.05885231654640213,Negative,0.2494172494172494
541,132,96.66,21.06,8.058,0.264,1561.553,340.221,24,13474.3,14161.0,4410.46,2533.3,Synapse,Negative,Yes,1545.398,324.066,22,26,PostSyn,WSS_031.03,WSS_031.03.T3.01.Zs.4C,B017,Noise,32,16,0.06583557001797258,Negative,0.6153846153846154
542,134,91.33,25.878,10.23,0.284,1475.438,418.053,30,1370.34,14645.0,22587.6,13388.0,Unpaired,Positive,Yes,1459.283,401.898,28,32,PostSyn,WSS_031.03,WSS_031.03.T3.01.Zs.4C,B017,Noise,32,16,0.3479282403981434,Positive,0.6620046620046619
543,135,96.213,21.283,10.267,0.204,1554.33,343.822,30,13330.5,13934.7,12772.2,20795.801,Synapse,Positive,Yes,1538.175,327.667,28,32,PostSyn,WSS_031.03,WSS_031.03.T3.01.Zs.4C,B017,Noise,32,16,0.5404426687780065,Positive,0.4755244755244755
544,137,92.548,23.777,8.557,0.196,1495.128,384.126,25,10853.0,13160.5,14747.5,2532.82,Synapse,Negative,Yes,1478.973,367.971,23,27,PostSyn,WSS_031.03,WSS_031.03.T3.01.Zs.4C,B017,Noise,32,16,0.065823095745834,Negative,0.4568764568764569
545,138,92.556,22.367,13.818,0.509,1495.257,361.344,41,1393.07,17049.6,16286.4,2805.91,Unpaired,Negative,Yes,1479.102,345.189,39,43,PostSyn,WSS_031.03,WSS_031.03.T3.01.Zs.4C,B017,Noise,32,16,0.07292017695066885,Negative,1.1864801864801866
546,147,95.051,17.45,8.221,0.661,1535.562,281.913,24,1127.56,16438.0,4257.45,2464.04,Unpaired,Negative,Yes,1519.407,265.758,22,26,PostSyn,WSS_031.03,WSS_031.03.T3.01.Zs.4C,B017,Noise,32,16,0.06403563650064545,Negative,1.540792540792541
547,149,89.95,23.363,8.454,0.526,1453.144,377.433,25,10277.8,14896.5,17012.1,2310.52,Synapse,Negative,Yes,1436.989,361.278,23,27,PostSyn,WSS_031.03,WSS_031.03.T3.01.Zs.4C,B017,Noise,32,16,0.060045948461661065,Negative,1.2261072261072261
548,150,96.139,19.423,4.628,0.45,1553.134,313.787,14,979.975,15626.2,5731.53,2026.64,Unpaired,Negative,Yes,1536.979,297.632,12,16,PostSyn,WSS_031.03,WSS_031.03.T3.01.Zs.4C,B017,Noise,32,16,0.05266845601437806,Negative,1.048951048951049
549,155,88.165,21.095,13.147,0.267,1424.307,340.785,39,1515.32,15565.1,12740.8,27605.9,Unpaired,Positive,Yes,1408.152,324.63,37,41,PostSyn,WSS_031.03,WSS_031.03.T3.01.Zs.4C,B017,Noise,32,16,0.7174239775625267,Positive,0.6223776223776224
550,156,88.688,22.596,9.99,0.369,1432.756,365.037,29,9309.33,15881.8,13805.9,5463.47,Synapse,Positive,Yes,1416.601,348.882,27,31,PostSyn,WSS_031.03,WSS_031.03.T3.01.Zs.4C,B017,Noise,32,16,0.14198502416851244,Negative,0.8601398601398601
551,157,89.815,22.164,8.621,0.252,1450.974,358.057,25,15576.5,13657.0,8052.75,3645.9,Synapse,Uncertain,Yes,1434.819,341.902,23,27,PostSyn,WSS_031.03,WSS_031.03.T3.01.Zs.4C,B017,Noise,32,16,0.09474989331248813,Negative,0.5874125874125874
552,160,84.379,21.32,11.882,0.119,1363.15,344.435,35,21625.4,14846.9,8194.97,12814.3,Synapse,Positive,Yes,1346.995,328.28,33,37,PostSyn,WSS_031.03,WSS_031.03.T3.01.Zs.4C,B017,Noise,32,16,0.33301888638586263,Positive,0.2773892773892774
553,163,88.995,20.637,9.212,0.307,1437.721,333.393,27,16114.7,13696.2,4236.84,8180.27,Synapse,Positive,Yes,1421.566,317.238,25,29,PostSyn,WSS_031.03,WSS_031.03.T3.01.Zs.4C,B017,Noise,32,16,0.21258940447279062,Negative,0.7156177156177156
554,168,85.213,21.86,6.862,0.4,1376.625,353.155,20,27606.1,14191.5,18037.0,2338.98,Synapse,Negative,Yes,1360.47,337.0,18,22,PostSyn,WSS_031.03,WSS_031.03.T3.01.Zs.4C,B017,Noise,32,16,0.06078556884721015,Negative,0.9324009324009325
555,171,82.957,21.507,9.92,0.33,1340.179,347.456,29,20425.9,14943.6,9447.83,9883.09,Synapse,Positive,Yes,1324.024,331.301,27,31,PostSyn,WSS_031.03,WSS_031.03.T3.01.Zs.4C,B017,Noise,32,16,0.2568424046456892,Positive,0.7692307692307693
556,183,83.913,19.162,6.955,0.555,1355.622,309.559,20,8402.12,16052.1,8992.89,2188.9,Synapse,Negative,Yes,1339.467,293.404,18,22,PostSyn,WSS_031.03,WSS_031.03.T3.01.Zs.4C,B017,Noise,32,16,0.05688527975855215,Negative,1.2937062937062938
557,189,78.821,21.737,10.564,0.473,1273.354,351.17,31,8413.52,16806.699,6018.88,10240.6,Synapse,Positive,Yes,1257.199,335.015,29,33,PostSyn,WSS_031.03,WSS_031.03.T3.01.Zs.4C,B017,Noise,32,16,0.2661333984628942,Positive,1.1025641025641024
558,190,81.607,21.549,3.861,0.187,1318.373,348.128,11,1143.67,12781.8,9944.98,2067.17,Unpaired,Negative,Yes,1302.218,331.973,9,13,PostSyn,WSS_031.03,WSS_031.03.T3.01.Zs.4C,B017,Noise,32,16,0.05372175236807814,Negative,0.4358974358974359
559,191,79.307,19.604,11.022,0.405,1281.205,316.704,32,7981.19,14852.2,9589.54,2564.59,Synapse,Negative,Yes,1265.05,300.549,30,34,PostSyn,WSS_031.03,WSS_031.03.T3.01.Zs.4C,B017,Noise,32,16,0.06664873663300527,Negative,0.9440559440559442
560,199,77.22,21.928,9.811,0.375,1247.501,354.249,29,2036.31,16038.2,10267.2,2523.71,Synapse,Negative,Yes,1231.346,338.094,27,31,PostSyn,WSS_031.03,WSS_031.03.T3.01.Zs.4C,B017,Noise,32,16,0.06558634445587082,Negative,0.8741258741258742
561,207,79.108,20.244,7.211,0.337,1278.002,327.042,21,9482.11,14050.5,9139.55,2320.11,Synapse,Negative,Yes,1261.847,310.887,19,23,PostSyn,WSS_031.03,WSS_031.03.T3.01.Zs.4C,B017,Noise,32,16,0.06029517402376282,Negative,0.7855477855477856
562,208,77.554,21.45,8.043,0.31,1252.89,346.528,24,7806.38,15680.6,8248.41,2356.75,Synapse,Negative,Yes,1236.735,330.373,22,26,PostSyn,WSS_031.03,WSS_031.03.T3.01.Zs.4C,B017,Noise,32,16,0.06124737679700661,Negative,0.7226107226107226
563,210,72.12,23.335,11.434,0.17,1165.105,376.984,34,12606.9,14266.4,14710.3,11062.7,Synapse,Positive,Yes,1148.95,360.829,32,36,PostSyn,WSS_031.03,WSS_031.03.T3.01.Zs.4C,B017,Noise,32,16,0.2874981883068824,Positive,0.3962703962703963
564,214,72.979,21.1,11.109,0.337,1178.979,340.869,33,12962.2,15077.1,13016.6,2232.38,Synapse,Negative,Yes,1162.824,324.714,31,35,PostSyn,WSS_031.03,WSS_031.03.T3.01.Zs.4C,B017,Noise,32,16,0.0580152409097705,Negative,0.7855477855477856
565,215,73.739,20.623,9.865,0.156,1191.254,333.168,29,1153.24,14063.2,7060.75,2226.73,Unpaired,Negative,Yes,1175.099,317.013,27,31,PostSyn,WSS_031.03,WSS_031.03.T3.01.Zs.4C,B017,Noise,32,16,0.057868408331472804,Negative,0.36363636363636365
566,216,75.888,19.643,7.512,0.45,1225.981,317.338,22,30901.199,15658.5,6027.96,14732.0,Synapse,Positive,Yes,1209.826,301.183,20,24,PostSyn,WSS_031.03,WSS_031.03.T3.01.Zs.4C,B017,Noise,32,16,0.38285620238612555,Positive,1.048951048951049
567,218,79.503,16.42,8.034,0.536,1284.376,265.263,24,10992.1,15792.7,7379.1,2010.8,Synapse,Negative,Yes,1268.221,249.108,22,26,PostSyn,WSS_031.03,WSS_031.03.T3.01.Zs.4C,B017,Noise,32,16,0.052256805033805406,Negative,1.2494172494172495
568,219,74.379,17.269,8.636,0.498,1201.603,278.989,25,7456.29,15391.2,4129.41,3703.44,Synapse,Uncertain,Yes,1185.448,262.834,23,27,PostSyn,WSS_031.03,WSS_031.03.T3.01.Zs.4C,B017,Noise,32,16,0.09624524668509862,Negative,1.1608391608391608
569,220,71.98,18.986,11.012,0.536,1162.838,306.725,32,4351.96,16278.2,7738.64,2267.38,Synapse,Negative,Yes,1146.683,290.57,30,34,PostSyn,WSS_031.03,WSS_031.03.T3.01.Zs.4C,B017,Noise,32,16,0.05892482325320753,Negative,1.2494172494172495
570,221,74.308,17.031,11.043,0.471,1200.449,275.141,32,7694.49,15406.0,3981.32,2545.1,Synapse,Negative,Yes,1184.294,258.986,30,34,PostSyn,WSS_031.03,WSS_031.03.T3.01.Zs.4C,B017,Noise,32,16,0.06614222920804562,Negative,1.097902097902098
571,226,68.288,21.502,11.677,0.142,1103.204,347.36,34,6860.3,14711.8,9055.72,22154.9,Synapse,Positive,Yes,1087.049,331.205,32,36,PostSyn,WSS_031.03,WSS_031.03.T3.01.Zs.4C,B017,Noise,32,16,0.5757630245889475,Positive,0.33100233100233095
572,227,69.591,21.718,7.453,0.147,1124.242,350.856,22,14033.2,14032.3,7403.39,2189.63,Synapse,Negative,Yes,1108.087,334.701,20,24,PostSyn,WSS_031.03,WSS_031.03.T3.01.Zs.4C,B017,Noise,32,16,0.05690425104742955,Negative,0.34265734265734266
573,229,69.954,20.983,9.628,0.562,1130.108,338.985,28,8213.26,17630.9,9871.54,2423.52,Synapse,Negative,Yes,1113.953,322.83,26,30,PostSyn,WSS_031.03,WSS_031.03.T3.01.Zs.4C,B017,Noise,32,16,0.06298260002761492,Negative,1.31002331002331
574,230,69.995,22.101,5.756,0.172,1130.78,357.042,17,1756.42,12999.6,5411.89,2141.79,Unpaired,Negative,Yes,1114.625,340.887,15,19,PostSyn,WSS_031.03,WSS_031.03.T3.01.Zs.4C,B017,Noise,32,16,0.055660981924285896,Negative,0.4009324009324009
575,233,67.336,21.751,5.981,0.569,1087.821,351.384,18,10693.1,15263.3,8566.12,2328.67,Synapse,Negative,Yes,1071.666,335.229,16,20,PostSyn,WSS_031.03,WSS_031.03.T3.01.Zs.4C,B017,Noise,32,16,0.060517631876900554,Negative,1.3263403263403262
576,237,68.432,17.884,5.588,0.956,1105.523,288.913,16,7686.76,18641.0,7390.8,17712.699,Synapse,Positive,Yes,1089.368,272.758,14,18,PostSyn,WSS_031.03,WSS_031.03.T3.01.Zs.4C,B017,Noise,32,16,0.460318807571852,Positive,2.2284382284382285
577,243,65.525,14.848,16.199,0.637,1058.559,239.876,48,1053.5,15144.1,6449.88,2462.66,Unpaired,Negative,Yes,1042.404,223.721,46,50,PostSyn,WSS_031.03,WSS_031.03.T3.01.Zs.4C,B017,Noise,32,16,0.06399977296824708,Negative,1.4848484848484849
578,244,65.049,18.127,9.308,0.904,1050.88,292.838,27,1467.64,19073.301,5513.03,2565.63,Unpaired,Negative,Yes,1034.725,276.683,25,29,PostSyn,WSS_031.03,WSS_031.03.T3.01.Zs.4C,B017,Noise,32,16,0.06667576422263884,Negative,2.1072261072261074
579,246,63.444,22.046,5.095,0.832,1024.945,356.15,15,10076.4,17872.5,10734.7,2358.99,Synapse,Negative,Yes,1008.79,339.995,13,17,PostSyn,WSS_031.03,WSS_031.03.T3.01.Zs.4C,B017,Noise,32,16,0.061305590066986576,Negative,1.9393939393939394
580,250,58.333,22.36,12.764,0.106,942.376,361.234,38,25501.6,16404.0,28289.301,16931.699,Synapse,Positive,Yes,926.221,345.079,36,40,PostSyn,WSS_031.03,WSS_031.03.T3.01.Zs.4C,B017,Noise,32,16,0.44002212727972845,Positive,0.24708624708624707
581,251,60.23,21.503,9.894,0.137,973.026,347.386,29,2034.41,15863.0,11048.2,20219.5,Synapse,Positive,Yes,956.871,331.231,27,31,PostSyn,WSS_031.03,WSS_031.03.T3.01.Zs.4C,B017,Noise,32,16,0.5254657198035749,Positive,0.31934731934731936
582,255,60.65,19.699,11.535,0.291,979.811,318.233,34,21445.1,15976.8,9753.63,3074.49,Synapse,Negative,Yes,963.656,302.078,32,36,PostSyn,WSS_031.03,WSS_031.03.T3.01.Zs.4C,B017,Noise,32,16,0.0799000519735351,Negative,0.6783216783216783
583,256,67.127,14.572,7.895,0.504,1084.435,235.41,23,11004.0,16655.0,7303.53,2164.27,Synapse,Negative,Yes,1068.28,219.255,21,25,PostSyn,WSS_031.03,WSS_031.03.T3.01.Zs.4C,B017,Noise,32,16,0.05624519366944203,Negative,1.1748251748251748
584,260,59.828,20.072,8.488,0.32,966.525,324.262,25,9254.01,15877.4,7221.74,16716.699,Synapse,Positive,Yes,950.37,308.107,23,27,PostSyn,WSS_031.03,WSS_031.03.T3.01.Zs.4C,B017,Noise,32,16,0.43443469288432957,Positive,0.745920745920746
585,262,64.104,18.26,4.096,0.678,1035.607,294.987,12,13046.3,16908.1,8072.68,2063.41,Synapse,Negative,Yes,1019.452,278.832,10,14,PostSyn,WSS_031.03,WSS_031.03.T3.01.Zs.4C,B017,Noise,32,16,0.05362403723632604,Negative,1.5804195804195806
586,263,59.323,22.166,6.604,0.456,958.373,358.094,19,2410.93,15796.0,7104.87,3494.74,Synapse,Negative,Yes,942.218,341.939,17,21,PostSyn,WSS_031.03,WSS_031.03.T3.01.Zs.4C,B017,Noise,32,16,0.09082153711151834,Negative,1.062937062937063
587,269,56.364,22.132,11.183,0.218,910.57,357.551,33,5987.74,15948.5,18341.801,14990.1,Synapse,Positive,Yes,894.415,341.396,31,35,PostSyn,WSS_031.03,WSS_031.03.T3.01.Zs.4C,B017,Noise,32,16,0.3895637224672998,Positive,0.5081585081585082
588,271,56.574,18.445,14.28,0.129,913.961,297.987,42,2510.85,14050.3,10041.0,3033.38,Synapse,Negative,Yes,897.806,281.832,40,44,PostSyn,WSS_031.03,WSS_031.03.T3.01.Zs.4C,B017,Noise,32,16,0.07883168254100092,Negative,0.30069930069930073
589,274,58.247,19.673,9.883,0.364,940.987,317.824,29,25322.801,15732.7,10079.2,2826.99,Synapse,Negative,Yes,924.832,301.669,27,31,PostSyn,WSS_031.03,WSS_031.03.T3.01.Zs.4C,B017,Noise,32,16,0.07346800540208749,Negative,0.8484848484848485
590,277,55.522,18.869,13.077,0.112,896.963,304.838,38,14532.1,14560.9,7933.69,3387.76,Synapse,Uncertain,Yes,880.808,288.683,36,40,PostSyn,WSS_031.03,WSS_031.03.T3.01.Zs.4C,B017,Noise,32,16,0.08804133370863568,Negative,0.26107226107226106
591,279,56.035,21.97,4.49,0.168,905.255,354.926,13,1212.4,13565.2,12877.2,2142.86,Unpaired,Negative,Yes,889.1,338.771,11,15,PostSyn,WSS_031.03,WSS_031.03.T3.01.Zs.4C,B017,Noise,32,16,0.05568878915592812,Negative,0.3916083916083916
592,282,55.0,18.991,9.09,0.299,888.525,306.8,27,5191.81,15218.0,6599.77,13398.2,Synapse,Positive,Yes,872.37,290.645,25,29,PostSyn,WSS_031.03,WSS_031.03.T3.01.Zs.4C,B017,Noise,32,16,0.34819331868108794,Positive,0.6969696969696969
593,290,56.522,16.4,10.548,0.414,913.121,264.943,31,5135.72,14513.9,5126.56,15395.9,Synapse,Positive,Yes,896.966,248.788,29,33,PostSyn,WSS_031.03,WSS_031.03.T3.01.Zs.4C,B017,Noise,32,16,0.4001096800377783,Positive,0.965034965034965
594,293,53.795,18.571,12.585,0.297,869.057,300.019,37,19926.9,14435.4,11375.2,24900.1,Synapse,Positive,Yes,852.902,283.864,35,39,PostSyn,WSS_031.03,WSS_031.03.T3.01.Zs.4C,B017,Noise,32,16,0.6471054659947573,Positive,0.6923076923076923
595,295,51.743,20.361,10.143,0.164,835.91,328.931,30,1120.24,13674.2,9478.11,25101.801,Unpaired,Positive,Yes,819.755,312.776,28,32,PostSyn,WSS_031.03,WSS_031.03.T3.01.Zs.4C,B017,Noise,32,16,0.6523472850877171,Positive,0.38228438228438233
596,296,51.747,22.472,5.079,0.417,835.976,363.031,15,1173.05,14368.1,6208.48,2183.09,Unpaired,Negative,Yes,819.821,346.876,13,17,PostSyn,WSS_031.03,WSS_031.03.T3.01.Zs.4C,B017,Noise,32,16,0.056734289089541604,Negative,0.972027972027972
597,300,50.578,22.108,4.913,0.29,817.099,357.152,14,1063.65,14393.8,7017.34,2111.86,Unpaired,Negative,Yes,800.944,340.997,12,16,PostSyn,WSS_031.03,WSS_031.03.T3.01.Zs.4C,B017,Noise,32,16,0.05488315908031246,Negative,0.675990675990676
598,302,52.03,19.408,11.483,0.46,840.548,313.536,34,9057.55,16703.699,12818.6,30603.4,Synapse,Positive,Yes,824.393,297.381,32,36,PostSyn,WSS_031.03,WSS_031.03.T3.01.Zs.4C,B017,Noise,32,16,0.7953232082611699,Positive,1.0722610722610724
599,307,56.507,12.894,10.797,0.906,912.88,208.3,32,1129.63,17276.699,3482.44,2226.45,Unpaired,Negative,Yes,896.725,192.145,30,34,PostSyn,WSS_031.03,WSS_031.03.T3.01.Zs.4C,B017,Noise,32,16,0.0578611316727253,Negative,2.111888111888112
600,313,53.639,15.974,7.477,0.594,866.54,258.057,22,9561.25,15890.5,10212.2,2153.03,Synapse,Negative,Yes,850.385,241.902,20,24,PostSyn,WSS_031.03,WSS_031.03.T3.01.Zs.4C,B017,Noise,32,16,0.05595308779686397,Negative,1.3846153846153846
601,314,50.198,19.34,7.89,0.594,810.95,312.433,23,6294.12,16411.9,8095.18,2503.96,Synapse,Negative,Yes,794.795,296.278,21,25,PostSyn,WSS_031.03,WSS_031.03.T3.01.Zs.4C,B017,Noise,32,16,0.06507308013350278,Negative,1.3846153846153846
602,319,56.305,11.625,8.656,0.465,909.607,187.8,25,6751.32,15364.7,7022.6,2114.59,Synapse,Negative,Yes,893.452,171.645,23,27,PostSyn,WSS_031.03,WSS_031.03.T3.01.Zs.4C,B017,Noise,32,16,0.05495410650310055,Negative,1.083916083916084
603,320,46.125,21.651,8.83,0.323,745.15,349.774,26,14122.5,14879.8,6963.63,7054.19,Synapse,Positive,Yes,728.995,333.619,24,28,PostSyn,WSS_031.03,WSS_031.03.T3.01.Zs.4C,B017,Noise,32,16,0.183324762035717,Negative,0.752913752913753
604,323,47.671,20.954,8.584,0.662,770.132,338.509,25,14551.2,17133.0,7474.9,2396.56,Synapse,Negative,Yes,753.977,322.354,23,27,PostSyn,WSS_031.03,WSS_031.03.T3.01.Zs.4C,B017,Noise,32,16,0.06228196174249885,Negative,1.5431235431235433
605,326,45.623,22.624,5.13,0.544,737.042,365.499,15,8825.04,16443.0,10321.8,2422.64,Synapse,Negative,Yes,720.887,349.344,13,17,PostSyn,WSS_031.03,WSS_031.03.T3.01.Zs.4C,B017,Noise,32,16,0.06295973052869422,Negative,1.2680652680652682
606,327,47.997,18.648,9.888,0.382,775.397,301.267,29,13765.6,14532.9,12591.0,2258.87,Synapse,Negative,Yes,759.242,285.112,27,31,PostSyn,WSS_031.03,WSS_031.03.T3.01.Zs.4C,B017,Noise,32,16,0.05870366480341755,Negative,0.8904428904428905
607,330,48.999,15.507,8.731,0.467,791.583,250.522,26,6637.0,14247.2,5945.76,2072.98,Synapse,Negative,Yes,775.428,234.367,24,28,PostSyn,WSS_031.03,WSS_031.03.T3.01.Zs.4C,B017,Noise,32,16,0.05387274303708869,Negative,1.0885780885780887
608,332,40.317,22.549,13.63,0.139,651.326,364.279,40,1588.13,16165.1,45547.5,25749.0,Unpaired,Positive,Yes,635.171,348.124,38,42,PostSyn,WSS_031.03,WSS_031.03.T3.01.Zs.4C,B017,Noise,32,16,0.6691667360331487,Positive,0.32400932400932403
609,335,42.392,19.91,11.889,0.385,684.848,321.653,35,17321.199,17633.9,16098.8,26612.0,Synapse,Positive,Yes,668.693,305.498,33,37,PostSyn,WSS_031.03,WSS_031.03.T3.01.Zs.4C,B017,Noise,32,16,0.6915944378156105,Positive,0.8974358974358975
610,336,41.778,21.061,10.395,0.251,674.935,340.246,31,7354.95,17334.301,16902.1,19370.6,Synapse,Positive,Yes,658.78,324.091,29,33,PostSyn,WSS_031.03,WSS_031.03.T3.01.Zs.4C,B017,Noise,32,16,0.5034044497651835,Positive,0.5850815850815851
611,337,38.669,23.773,11.595,0.3,624.698,384.053,34,1588.25,16889.6,20886.9,22433.1,Unpaired,Positive,Yes,608.543,367.898,32,36,PostSyn,WSS_031.03,WSS_031.03.T3.01.Zs.4C,B017,Noise,32,16,0.582992904815924,Positive,0.6993006993006993
612,340,42.796,18.517,16.676,0.617,691.368,299.136,49,1333.77,17502.699,17010.1,3020.77,Unpaired,Negative,Yes,675.213,282.981,47,51,PostSyn,WSS_031.03,WSS_031.03.T3.01.Zs.4C,B017,Noise,32,16,0.07850397301669403,Negative,1.4382284382284383
613,341,44.826,18.467,2.958,0.318,724.17,298.341,9,900.004,15082.7,13024.8,2082.37,Unpaired,Negative,Yes,708.015,282.186,7,11,PostSyn,WSS_031.03,WSS_031.03.T3.01.Zs.4C,B017,Noise,32,16,0.05411677098579936,Negative,0.7412587412587412
614,342,40.016,21.391,9.23,0.332,646.465,345.577,27,13542.0,16600.301,10350.2,3235.23,Synapse,Uncertain,Yes,630.31,329.422,25,29,PostSyn,WSS_031.03,WSS_031.03.T3.01.Zs.4C,B017,Noise,32,16,0.08407737385593707,Negative,0.773892773892774
615,345,39.104,21.24,16.355,0.259,631.729,343.137,48,7338.01,15111.4,21553.4,18397.5,Synapse,Positive,Yes,615.574,326.982,46,50,PostSyn,WSS_031.03,WSS_031.03.T3.01.Zs.4C,B017,Noise,32,16,0.4781154618109384,Positive,0.6037296037296037
616,350,38.375,21.723,10.479,0.737,619.96,350.931,31,6740.63,19012.4,15662.6,4287.25,Synapse,Negative,Yes,603.805,334.776,29,33,PostSyn,WSS_031.03,WSS_031.03.T3.01.Zs.4C,B017,Noise,32,16,0.1114173400542979,Negative,1.717948717948718
617,352,41.402,21.15,4.064,0.618,668.859,341.679,12,9839.7,17629.5,8299.04,2225.38,Synapse,Negative,Yes,652.704,325.524,10,14,PostSyn,WSS_031.03,WSS_031.03.T3.01.Zs.4C,B017,Noise,32,16,0.05783332444108309,Negative,1.4405594405594406
618,356,37.711,20.183,10.449,0.262,609.225,326.058,31,11900.1,16333.4,14875.6,2584.91,Synapse,Negative,Yes,593.07,309.903,29,33,PostSyn,WSS_031.03,WSS_031.03.T3.01.Zs.4C,B017,Noise,32,16,0.06717681415353786,Negative,0.6107226107226108
619,358,39.666,19.184,9.428,0.686,640.809,309.921,28,1578.87,17293.9,4793.22,2447.69,Unpaired,Negative,Yes,624.654,293.766,26,30,PostSyn,WSS_031.03,WSS_031.03.T3.01.Zs.4C,B017,Noise,32,16,0.06361073160592558,Negative,1.5990675990675993
620,360,36.141,18.166,13.868,0.198,583.864,293.477,41,19508.5,13516.6,16469.699,2815.59,Synapse,Negative,Yes,567.709,277.322,39,43,PostSyn,WSS_031.03,WSS_031.03.T3.01.Zs.4C,B017,Noise,32,16,0.07317174143879658,Negative,0.46153846153846156
621,362,41.849,16.574,4.332,0.606,676.071,267.756,13,13295.7,16713.5,6577.14,2252.14,Synapse,Negative,Yes,659.916,251.601,11,15,PostSyn,WSS_031.03,WSS_031.03.T3.01.Zs.4C,B017,Noise,32,16,0.058528765112808086,Negative,1.4125874125874125
622,365,39.291,16.668,6.581,0.427,634.751,269.278,19,10007.2,16149.5,6203.81,2332.67,Synapse,Negative,Yes,618.596,253.123,17,21,PostSyn,WSS_031.03,WSS_031.03.T3.01.Zs.4C,B017,Noise,32,16,0.060621584144721935,Negative,0.9953379953379954
623,373,35.343,19.516,8.496,0.198,570.976,315.279,25,1780.01,14679.6,5397.05,3352.4,Unpaired,Negative,Yes,554.821,299.124,23,27,PostSyn,WSS_031.03,WSS_031.03.T3.01.Zs.4C,B017,Noise,32,16,0.08712239566109471,Negative,0.46153846153846156
624,374,36.453,17.466,11.473,0.237,588.9,282.158,34,16115.3,14251.7,6279.54,15035.3,Synapse,Positive,Yes,572.745,266.003,32,36,PostSyn,WSS_031.03,WSS_031.03.T3.01.Zs.4C,B017,Noise,32,16,0.3907383830936813,Positive,0.5524475524475524
625,377,31.616,21.857,8.759,0.551,510.763,353.094,26,15574.3,16116.5,14378.9,3018.72,Synapse,Negative,Yes,494.608,336.939,24,28,PostSyn,WSS_031.03,WSS_031.03.T3.01.Zs.4C,B017,Noise,32,16,0.07845069747943557,Negative,1.2843822843822845
626,380,36.679,18.033,7.022,0.314,592.551,291.321,21,13236.0,14162.2,4410.77,12385.8,Synapse,Positive,Yes,576.396,275.166,19,23,PostSyn,WSS_031.03,WSS_031.03.T3.01.Zs.4C,B017,Noise,32,16,0.3218829996954978,Positive,0.7319347319347319
627,382,29.069,21.871,10.336,0.389,469.606,353.334,30,1336.07,14863.7,4148.5,9867.22,Unpaired,Positive,Yes,453.451,337.179,28,32,PostSyn,WSS_031.03,WSS_031.03.T3.01.Zs.4C,B017,Noise,32,16,0.2564299740231079,Positive,0.9067599067599068
628,390,31.619,19.905,7.005,0.492,510.814,321.564,21,10218.5,15749.1,7379.97,2251.16,Synapse,Negative,Yes,494.659,305.409,19,23,PostSyn,WSS_031.03,WSS_031.03.T3.01.Zs.4C,B017,Noise,32,16,0.05850329680719185,Negative,1.1468531468531469
629,393,30.805,18.703,7.762,0.447,497.661,302.152,23,12153.8,16354.9,6282.65,2486.72,Synapse,Negative,Yes,481.506,285.997,21,25,PostSyn,WSS_031.03,WSS_031.03.T3.01.Zs.4C,B017,Noise,32,16,0.06462504585919264,Negative,1.041958041958042
630,395,28.286,21.896,7.153,0.606,456.963,353.733,21,8735.65,17396.199,5786.66,2366.58,Synapse,Negative,Yes,440.808,337.578,19,23,PostSyn,WSS_031.03,WSS_031.03.T3.01.Zs.4C,B017,Noise,32,16,0.06150283949517764,Negative,1.4125874125874125
631,396,35.086,14.76,8.319,0.28,566.817,238.451,24,6355.74,13722.1,4972.48,2332.14,Synapse,Negative,Yes,550.662,222.296,22,26,PostSyn,WSS_031.03,WSS_031.03.T3.01.Zs.4C,B017,Noise,32,16,0.06060781046923559,Negative,0.6526806526806528
632,408,26.275,19.56,10.661,0.256,424.481,315.987,31,12260.3,14088.0,10514.5,17051.699,Synapse,Positive,Yes,408.326,299.832,29,33,PostSyn,WSS_031.03,WSS_031.03.T3.01.Zs.4C,B017,Noise,32,16,0.4431406953143697,Positive,0.5967365967365967
633,409,28.624,19.591,6.059,0.561,462.415,316.496,18,5583.77,14824.4,8499.0,2128.0,Synapse,Negative,Yes,446.26,300.341,16,20,PostSyn,WSS_031.03,WSS_031.03.T3.01.Zs.4C,B017,Noise,32,16,0.055302606480971704,Negative,1.307692307692308
634,411,25.068,17.035,16.95,0.243,404.982,275.197,50,734.474,14299.9,3680.37,2520.82,Unpaired,Negative,Yes,388.827,259.042,48,52,PostSyn,WSS_031.03,WSS_031.03.T3.01.Zs.4C,B017,Noise,32,16,0.06551123894236988,Negative,0.5664335664335665
635,413,29.391,16.278,8.185,0.406,474.809,262.964,24,4914.24,13284.9,3284.36,2166.37,Synapse,Negative,Yes,458.654,246.809,22,26,PostSyn,WSS_031.03,WSS_031.03.T3.01.Zs.4C,B017,Noise,32,16,0.05629976861004825,Negative,0.9463869463869464
636,416,23.071,22.573,9.549,0.287,372.709,364.674,28,17805.199,14061.1,11504.9,14149.3,Synapse,Positive,Yes,356.554,348.519,26,30,PostSyn,WSS_031.03,WSS_031.03.T3.01.Zs.4C,B017,Noise,32,16,0.3677129557712467,Positive,0.668997668997669
637,418,19.185,24.022,10.934,0.2,309.942,388.074,32,8618.38,14450.1,13404.4,31052.699,Synapse,Positive,Yes,293.787,371.919,30,34,PostSyn,WSS_031.03,WSS_031.03.T3.01.Zs.4C,B017,Noise,32,16,0.806999620756139,Positive,0.46620046620046623
638,420,19.874,24.192,9.455,0.123,321.063,390.83,28,1694.39,13671.2,5322.47,17240.1,Synapse,Positive,Yes,304.908,374.675,26,30,PostSyn,WSS_031.03,WSS_031.03.T3.01.Zs.4C,B017,Noise,32,16,0.4480368731168234,Positive,0.2867132867132867
639,424,20.766,21.173,9.454,0.39,335.473,342.058,28,1061.66,15550.2,7061.64,8595.25,Unpaired,Positive,Yes,319.318,325.903,26,30,PostSyn,WSS_031.03,WSS_031.03.T3.01.Zs.4C,B017,Noise,32,16,0.2233739324979192,Positive,0.9090909090909092
640,425,33.005,10.361,7.226,0.615,533.192,167.389,21,1134.42,15260.7,4572.74,2292.93,Unpaired,Negative,Yes,517.037,151.234,19,23,PostSyn,WSS_031.03,WSS_031.03.T3.01.Zs.4C,B017,Noise,32,16,0.059588818363916565,Negative,1.4335664335664335
641,428,25.189,19.862,3.898,0.614,406.932,320.868,11,12807.0,16625.4,4062.58,2179.92,Synapse,Negative,Yes,390.777,304.713,9,13,PostSyn,WSS_031.03,WSS_031.03.T3.01.Zs.4C,B017,Noise,32,16,0.05665190691729316,Negative,1.4312354312354312
642,430,20.33,18.958,12.348,0.155,328.441,306.26,36,2790.08,14299.6,17682.199,2218.88,Synapse,Negative,Yes,312.286,290.105,34,38,PostSyn,WSS_031.03,WSS_031.03.T3.01.Zs.4C,B017,Noise,32,16,0.057664402005873354,Negative,0.3613053613053613
643,432,26.178,16.707,5.0,0.925,422.914,269.905,15,7763.0,19526.6,4742.98,2250.05,Synapse,Negative,Yes,406.759,253.75,13,17,PostSyn,WSS_031.03,WSS_031.03.T3.01.Zs.4C,B017,Noise,32,16,0.05847445005287143,Negative,2.156177156177156
644,435,14.95,22.658,13.519,0.171,241.517,366.037,40,23923.5,15778.6,18890.801,23427.199,Synapse,Positive,Yes,225.362,349.882,38,42,PostSyn,WSS_031.03,WSS_031.03.T3.01.Zs.4C,B017,Noise,32,16,0.6088276161881644,Positive,0.39860139860139865
645,441,16.382,19.949,16.384,0.91,264.645,322.276,48,1643.97,19853.4,19629.301,2808.61,Unpaired,Negative,Yes,248.49,306.121,46,50,PostSyn,WSS_031.03,WSS_031.03.T3.01.Zs.4C,B017,Noise,32,16,0.07299034473144829,Negative,2.121212121212121
646,445,15.8,23.188,9.161,0.35,255.247,374.612,27,2232.9,14815.7,12876.0,3095.9,Synapse,Negative,Yes,239.092,358.457,25,29,PostSyn,WSS_031.03,WSS_031.03.T3.01.Zs.4C,B017,Noise,32,16,0.08045645648704902,Negative,0.8158508158508158
647,447,20.25,18.035,6.184,0.556,327.132,291.355,18,6742.75,15980.9,6855.5,2217.0,Synapse,Negative,Yes,310.977,275.2,16,20,PostSyn,WSS_031.03,WSS_031.03.T3.01.Zs.4C,B017,Noise,32,16,0.05761554443999731,Negative,1.2960372960372961
648,449,19.317,19.6,6.493,0.591,312.063,316.633,19,10124.8,15604.1,7848.94,2292.09,Synapse,Negative,Yes,295.908,300.478,17,21,PostSyn,WSS_031.03,WSS_031.03.T3.01.Zs.4C,B017,Noise,32,16,0.05956698838767408,Negative,1.3776223776223775
649,452,19.097,16.105,11.642,0.81,308.509,260.171,34,856.44,18125.5,4528.08,2388.63,Unpaired,Negative,Yes,292.354,244.016,32,36,PostSyn,WSS_031.03,WSS_031.03.T3.01.Zs.4C,B017,Noise,32,16,0.06207587637154297,Negative,1.8881118881118883
650,453,13.967,21.827,9.728,0.437,225.643,352.625,29,6787.56,17483.699,7932.03,17143.301,Synapse,Positive,Yes,209.488,336.47,27,31,PostSyn,WSS_031.03,WSS_031.03.T3.01.Zs.4C,B017,Noise,32,16,0.4455212542236131,Positive,1.0186480186480187
651,454,22.567,14.725,6.991,0.507,364.577,237.889,21,7588.1,16563.5,6207.92,2351.33,Synapse,Negative,Yes,348.422,221.734,19,23,PostSyn,WSS_031.03,WSS_031.03.T3.01.Zs.4C,B017,Noise,32,16,0.061106521474108645,Negative,1.1818181818181819
652,456,17.465,18.827,9.577,0.14,282.155,304.153,28,10366.0,13376.7,6128.8,16857.4,Synapse,Positive,Yes,266.0,287.998,26,30,PostSyn,WSS_031.03,WSS_031.03.T3.01.Zs.4C,B017,Noise,32,16,0.4380912398930134,Positive,0.3263403263403264
653,459,13.831,22.474,5.887,0.657,223.439,363.063,17,7864.06,16816.801,13079.8,3185.93,Synapse,Negative,Yes,207.284,346.908,15,19,PostSyn,WSS_031.03,WSS_031.03.T3.01.Zs.4C,B017,Noise,32,16,0.08279616215503861,Negative,1.5314685314685315
654,460,12.318,23.142,8.068,0.224,198.992,373.859,24,3950.01,14851.5,10029.8,13614.2,Synapse,Positive,Yes,182.837,357.704,22,26,PostSyn,WSS_031.03,WSS_031.03.T3.01.Zs.4C,B017,Noise,32,16,0.35380674114344224,Positive,0.5221445221445221
655,461,13.236,21.628,10.656,0.171,213.834,349.407,31,9508.91,16073.7,9547.68,15546.1,Synapse,Positive,Yes,197.679,333.252,29,33,PostSyn,WSS_031.03,WSS_031.03.T3.01.Zs.4C,B017,Noise,32,16,0.404013087694471,Positive,0.39860139860139865
656,465,7.01,21.989,13.932,0.187,113.245,355.236,41,6602.36,15097.6,21315.0,14583.3,Synapse,Positive,Yes,97.09,339.081,39,43,PostSyn,WSS_031.03,WSS_031.03.T3.01.Zs.4C,B017,Noise,32,16,0.3789917768298659,Positive,0.4358974358974359
657,467,15.364,19.208,4.496,0.439,248.212,310.299,13,10199.2,13707.2,8334.68,2470.09,Synapse,Negative,Yes,232.057,294.144,11,15,PostSyn,WSS_031.03,WSS_031.03.T3.01.Zs.4C,B017,Noise,32,16,0.06419286430572528,Negative,1.0233100233100234
658,475,5.831,21.169,9.16,0.242,94.196,341.985,27,24983.199,14417.9,8309.5,12104.1,Synapse,Positive,Yes,78.041,325.83,25,29,PostSyn,WSS_031.03,WSS_031.03.T3.01.Zs.4C,B017,Noise,32,16,0.31456216123417746,Positive,0.5641025641025641
659,479,13.695,17.277,4.409,0.652,221.246,279.108,13,6407.78,15631.5,5736.36,2132.14,Synapse,Negative,Yes,205.091,262.953,11,15,PostSyn,WSS_031.03,WSS_031.03.T3.01.Zs.4C,B017,Noise,32,16,0.05541019707816683,Negative,1.5198135198135199
660,485,6.864,22.086,4.322,0.504,110.894,356.803,13,9008.45,16517.699,6224.26,2300.09,Synapse,Negative,Yes,94.739,340.648,11,15,PostSyn,WSS_031.03,WSS_031.03.T3.01.Zs.4C,B017,Noise,32,16,0.05977489292331683,Negative,1.1748251748251748
661,490,6.639,17.579,13.247,0.803,107.249,283.989,39,1550.54,18905.699,5652.6,2611.73,Unpaired,Negative,Yes,91.094,267.834,37,41,PostSyn,WSS_031.03,WSS_031.03.T3.01.Zs.4C,B017,Noise,32,16,0.06787381410928019,Negative,1.871794871794872
662,491,11.649,15.126,7.013,0.636,188.189,244.36,21,1334.39,15556.2,3064.24,2253.32,Unpaired,Negative,Yes,172.034,228.205,19,23,PostSyn,WSS_031.03,WSS_031.03.T3.01.Zs.4C,B017,Noise,32,16,0.0585594310318154,Negative,1.4825174825174825
663,493,9.302,16.321,5.668,0.281,150.282,263.667,17,10753.7,13233.2,9363.01,2324.59,Synapse,Negative,Yes,134.127,247.512,15,19,PostSyn,WSS_031.03,WSS_031.03.T3.01.Zs.4C,B017,Noise,32,16,0.06041160056372276,Negative,0.655011655011655
664,503,7.785,18.442,2.904,0.498,125.775,297.927,9,6807.47,15493.2,4542.56,2085.18,Synapse,Negative,Yes,109.62,281.772,7,11,PostSyn,WSS_031.03,WSS_031.03.T3.01.Zs.4C,B017,Noise,32,16,0.05418979745394388,Negative,1.1608391608391608
665,511,22.239,23.036,6.514,0.367,359.275,372.142,19,3985.91,14704.8,11682.6,5474.52,Synapse,Uncertain,Yes,343.12,355.987,17,21,PostSyn,WSS_031.03,WSS_031.03.T3.01.Zs.4C,B017,Noise,32,16,0.14227219230836902,Negative,0.8554778554778555
666,512,22.775,22.988,7.495,0.311,367.926,371.367,22,16439.801,15815.8,13218.7,10428.6,Synapse,Positive,Yes,351.771,355.212,20,24,PostSyn,WSS_031.03,WSS_031.03.T3.01.Zs.4C,B017,Noise,32,16,0.27101915505049884,Positive,0.7249417249417249
667,513,22.442,23.117,7.735,0.271,362.556,373.449,23,20758.1,17317.801,11326.9,11773.6,Synapse,Positive,Yes,346.401,357.294,21,25,PostSyn,WSS_031.03,WSS_031.03.T3.01.Zs.4C,B017,Noise,32,16,0.30597310510543635,Positive,0.6317016317016317
668,514,25.148,23.158,7.946,0.156,406.265,374.113,23,5600.27,12029.3,4316.98,11502.9,Synapse,Positive,Yes,390.11,357.958,21,25,PostSyn,WSS_031.03,WSS_031.03.T3.01.Zs.4C,B017,Noise,32,16,0.29893813538062475,Positive,0.36363636363636365
669,518,24.965,22.98,6.712,0.453,403.313,371.249,20,15720.5,15138.2,5243.79,12188.4,Synapse,Positive,Yes,387.158,355.094,18,22,PostSyn,WSS_031.03,WSS_031.03.T3.01.Zs.4C,B017,Noise,32,16,0.31675295527851294,Positive,1.055944055944056
670,542,30.68,19.331,13.171,0.209,495.632,312.291,39,11749.6,15223.4,18106.301,11359.5,Synapse,Positive,Yes,479.477,296.136,37,41,PostSyn,WSS_031.03,WSS_031.03.T3.01.Zs.4C,B017,Noise,32,16,0.29521144657922843,Positive,0.48717948717948717
671,543,30.607,19.231,12.089,0.353,494.451,310.682,36,9539.65,16449.5,14423.0,8014.48,Synapse,Positive,Yes,478.296,294.527,34,38,PostSyn,WSS_031.03,WSS_031.03.T3.01.Zs.4C,B017,Noise,32,16,0.20828084285226414,Negative,0.8228438228438228
672,544,36.686,21.111,2.184,0.319,592.667,341.047,6,1592.51,16217.4,7048.12,2120.64,Synapse,Negative,Yes,576.512,324.892,4,8,PostSyn,WSS_031.03,WSS_031.03.T3.01.Zs.4C,B017,Noise,32,16,0.055111334308180375,Negative,0.7435897435897436
673,545,36.49,20.928,1.891,0.409,589.494,338.097,6,1514.81,16715.301,5148.8,2044.56,Synapse,Negative,Yes,573.339,321.942,4,8,PostSyn,WSS_031.03,WSS_031.03.T3.01.Zs.4C,B017,Noise,32,16,0.05313416217421781,Negative,0.9533799533799533
674,546,39.381,23.487,11.737,0.216,636.197,379.433,35,1728.76,15391.2,22369.699,28698.6,Unpaired,Positive,Yes,620.042,363.278,33,37,PostSyn,WSS_031.03,WSS_031.03.T3.01.Zs.4C,B017,Noise,32,16,0.7458211383246309,Positive,0.5034965034965035
675,554,115.0,24.059,10.376,0.256,1857.835,388.667,31,16950.4,14664.6,14544.3,6512.03,Synapse,Uncertain,Yes,1841.68,372.512,29,33,PostSyn,WSS_031.03,WSS_031.03.T3.01.Zs.4C,B017,Noise,32,16,0.1692350716552078,Negative,0.5967365967365967
676,555,114.849,23.602,11.669,0.333,1855.396,381.289,34,12340.6,14769.5,13624.8,15402.8,Synapse,Positive,Yes,1839.241,365.134,32,36,PostSyn,WSS_031.03,WSS_031.03.T3.01.Zs.4C,B017,Noise,32,16,0.40028899769977017,Positive,0.7762237762237763
677,0,64.004,18.275,4.615,0.42,1033.995,295.234,14,20339.5,15526.6,6664.84,2089.6,Synapse,,Yes,1017.84,279.079,12,16,PreSyn,WSS_031.03,WSS_031.03.T3.01.Zs.4C,B017,Noise,32,16,0.09997607769963159,NA,0.979020979020979
678,1,66.9,14.528,8.353,0.441,1080.779,234.701,25,22149.199,12286.6,6407.91,2449.65,Synapse,,Yes,1064.624,218.546,23,27,PreSyn,WSS_031.03,WSS_031.03.T3.01.Zs.4C,B017,Noise,32,16,0.1172025261949189,NA,1.027972027972028
679,2,60.53,19.68,12.053,0.522,977.869,317.937,35,26364.699,12876.1,12012.7,3182.42,Synapse,,Yes,961.714,301.782,33,37,PreSyn,WSS_031.03,WSS_031.03.T3.01.Zs.4C,B017,Noise,32,16,0.15226161427682885,NA,1.2167832167832169
680,3,58.394,22.188,12.953,0.464,943.365,358.454,38,24574.9,12994.5,28206.9,10676.6,Synapse,,Yes,927.21,342.299,36,40,PreSyn,WSS_031.03,WSS_031.03.T3.01.Zs.4C,B017,Noise,32,16,0.510817664226592,NA,1.0815850815850816
681,4,61.495,20.081,10.531,0.458,993.454,324.409,31,23570.801,6275.09,9581.66,2693.81,Synapse,,Yes,977.299,308.254,29,33,PreSyn,WSS_031.03,WSS_031.03.T3.01.Zs.4C,B017,Noise,32,16,0.12888426391081767,NA,1.0675990675990676
682,5,59.372,22.4,10.224,0.559,959.157,361.877,30,25504.1,9376.3,16636.199,11970.5,Synapse,,Yes,943.002,345.722,28,32,PreSyn,WSS_031.03,WSS_031.03.T3.01.Zs.4C,B017,Noise,32,16,0.5727237931199464,NA,1.3030303030303032
683,6,59.989,23.1,11.366,0.354,969.132,373.184,33,21508.699,6646.52,17941.199,4032.16,Unpaired,,Yes,952.977,357.029,31,35,PreSyn,WSS_031.03,WSS_031.03.T3.01.Zs.4C,B017,Noise,32,16,0.19291708530692311,NA,0.8251748251748251
684,7,63.391,21.855,5.566,0.36,1024.089,353.073,16,23619.301,17111.6,6832.76,2425.43,Synapse,,Yes,1007.934,336.918,14,18,PreSyn,WSS_031.03,WSS_031.03.T3.01.Zs.4C,B017,Noise,32,16,0.11604372996507344,NA,0.8391608391608392
685,8,68.26,18.057,6.172,0.372,1102.75,291.706,18,21125.801,15255.3,6195.43,9290.12,Synapse,,Yes,1086.595,275.551,16,20,PreSyn,WSS_031.03,WSS_031.03.T3.01.Zs.4C,B017,Noise,32,16,0.4444820821970241,NA,0.8671328671328672
686,9,67.228,21.568,6.37,0.37,1086.066,348.43,19,22880.6,13857.2,7444.77,2445.77,Synapse,,Yes,1069.911,332.275,17,21,PreSyn,WSS_031.03,WSS_031.03.T3.01.Zs.4C,B017,Noise,32,16,0.1170168891440601,NA,0.8624708624708625
687,10,69.544,21.523,7.82,0.314,1123.485,347.704,23,20871.5,9584.22,7692.73,2365.97,Synapse,,Yes,1107.33,331.549,21,25,PreSyn,WSS_031.03,WSS_031.03.T3.01.Zs.4C,B017,Noise,32,16,0.1131988900052629,NA,0.7319347319347319
688,11,69.75,20.892,10.096,0.268,1126.813,337.512,30,18814.1,13838.3,10116.0,2433.99,Synapse,,Yes,1110.658,321.357,28,32,PreSyn,WSS_031.03,WSS_031.03.T3.01.Zs.4C,B017,Noise,32,16,0.1164532797473805,NA,0.6247086247086248
689,12,68.54,21.58,11.908,0.212,1107.273,348.622,35,18640.5,9660.07,10743.7,8219.05,Synapse,,Yes,1091.118,332.467,33,37,PreSyn,WSS_031.03,WSS_031.03.T3.01.Zs.4C,B017,Noise,32,16,0.3932371656858523,NA,0.49417249417249415
690,14,74.578,17.306,9.021,0.137,1204.817,279.588,27,19525.699,14564.1,3938.67,3265.02,Synapse,,Yes,1188.662,263.433,25,29,PreSyn,WSS_031.03,WSS_031.03.T3.01.Zs.4C,B017,Noise,32,16,0.15621357829768912,NA,0.31934731934731936
691,16,74.521,16.996,11.47,0.153,1203.892,274.577,34,18492.6,12851.8,4240.88,2723.72,Synapse,,Yes,1187.737,258.422,32,36,PreSyn,WSS_031.03,WSS_031.03.T3.01.Zs.4C,B017,Noise,32,16,0.13031529591885554,NA,0.35664335664335667
692,18,72.368,21.779,10.425,0.37,1169.115,351.85,31,22838.6,6712.38,12737.2,2346.54,Unpaired,,Yes,1152.96,335.695,29,33,PreSyn,WSS_031.03,WSS_031.03.T3.01.Zs.4C,B017,Noise,32,16,0.11226926941294675,NA,0.8624708624708625
693,19,72.779,21.121,11.655,0.425,1175.756,341.205,34,24355.199,11274.8,15210.0,2435.67,Synapse,,Yes,1159.601,325.05,32,36,PreSyn,WSS_031.03,WSS_031.03.T3.01.Zs.4C,B017,Noise,32,16,0.11653365867661834,NA,0.9906759906759907
694,20,70.405,21.965,15.799,0.296,1137.394,354.85,46,17748.9,9849.32,17730.4,7111.08,Synapse,,Yes,1121.239,338.695,44,48,PreSyn,WSS_031.03,WSS_031.03.T3.01.Zs.4C,B017,Noise,32,16,0.34022678340749246,NA,0.6899766899766899
695,21,75.991,19.616,7.928,0.83,1227.645,316.901,23,34299.898,12464.5,5530.25,10725.7,Synapse,,Yes,1211.49,300.746,21,25,PreSyn,WSS_031.03,WSS_031.03.T3.01.Zs.4C,B017,Noise,32,16,0.5131668341227693,NA,1.9347319347319347
696,22,79.397,16.444,8.712,0.361,1282.674,265.646,26,21468.699,11740.3,4769.8,2053.56,Synapse,,Yes,1266.519,249.491,24,28,PreSyn,WSS_031.03,WSS_031.03.T3.01.Zs.4C,B017,Noise,32,16,0.09825175828907708,NA,0.8414918414918415
697,23,76.107,18.059,14.397,0.144,1229.512,291.738,42,17327.6,6651.33,6213.61,2951.89,Unpaired,,Yes,1213.357,275.583,40,44,PreSyn,WSS_031.03,WSS_031.03.T3.01.Zs.4C,B017,Noise,32,16,0.14123199846897277,NA,0.3356643356643356
698,24,72.104,23.169,11.614,0.195,1164.855,374.302,34,18220.199,12689.1,18158.1,7175.9,Synapse,,Yes,1148.7,358.147,32,36,PreSyn,WSS_031.03,WSS_031.03.T3.01.Zs.4C,B017,Noise,32,16,0.3433280704272523,NA,0.4545454545454546
699,25,80.728,15.474,10.552,0.115,1304.162,249.99,31,16691.5,4237.45,3456.55,2177.45,Unpaired,,Yes,1288.007,233.835,29,33,PreSyn,WSS_031.03,WSS_031.03.T3.01.Zs.4C,B017,Noise,32,16,0.10417922587436007,NA,0.2680652680652681
700,26,79.476,16.836,10.993,0.107,1283.947,271.989,32,18030.5,4207.24,3479.78,2428.45,Unpaired,,Yes,1267.792,255.834,30,34,PreSyn,WSS_031.03,WSS_031.03.T3.01.Zs.4C,B017,Noise,32,16,0.11618822065929858,NA,0.2494172494172494
701,27,76.67,19.421,13.834,0.611,1238.607,313.756,41,27439.1,10529.9,12431.4,10400.0,Synapse,,Yes,1222.452,297.601,39,43,PreSyn,WSS_031.03,WSS_031.03.T3.01.Zs.4C,B017,Noise,32,16,0.49758384766279123,NA,1.4242424242424243
702,28,79.015,20.151,7.82,0.177,1276.498,325.536,23,18527.699,12520.3,6870.25,2545.81,Synapse,,Yes,1260.343,309.381,21,25,PreSyn,WSS_031.03,WSS_031.03.T3.01.Zs.4C,B017,Noise,32,16,0.12180326300177025,NA,0.41258741258741255
703,29,77.548,21.267,8.531,0.113,1252.8,343.578,25,17866.6,13419.7,6753.27,2363.61,Synapse,,Yes,1236.645,327.423,23,27,PreSyn,WSS_031.03,WSS_031.03.T3.01.Zs.4C,B017,Noise,32,16,0.11308597674752405,NA,0.2634032634032634
704,30,79.229,19.448,11.458,0.118,1279.948,314.187,34,17522.0,13758.2,10803.8,2924.38,Synapse,,Yes,1263.793,298.032,32,36,PreSyn,WSS_031.03,WSS_031.03.T3.01.Zs.4C,B017,Noise,32,16,0.13991579350270322,NA,0.27505827505827507
705,32,84.127,19.247,7.377,0.328,1359.086,310.931,22,19415.4,11468.2,6140.02,2309.88,Synapse,,Yes,1342.931,294.776,20,24,PreSyn,WSS_031.03,WSS_031.03.T3.01.Zs.4C,B017,Noise,32,16,0.11051528634993542,NA,0.7645687645687647
706,33,88.351,15.681,9.059,0.662,1427.32,253.323,27,25081.699,5582.23,4072.07,2238.69,Unpaired,,Yes,1411.165,237.168,25,29,PreSyn,WSS_031.03,WSS_031.03.T3.01.Zs.4C,B017,Noise,32,16,0.10710922922348214,NA,1.5431235431235433
707,34,83.147,21.407,10.243,0.628,1343.245,345.835,30,27497.801,9579.51,9316.89,5784.47,Synapse,,Yes,1327.09,329.68,28,32,PreSyn,WSS_031.03,WSS_031.03.T3.01.Zs.4C,B017,Noise,32,16,0.27675565762403714,NA,1.4638694638694638
708,35,85.157,21.862,7.411,0.744,1375.716,353.178,22,28240.301,11208.1,13433.3,2476.5,Synapse,,Yes,1359.561,337.023,20,24,PreSyn,WSS_031.03,WSS_031.03.T3.01.Zs.4C,B017,Noise,32,16,0.11848715372470217,NA,1.7342657342657344
709,36,84.429,21.251,11.924,0.233,1363.964,343.312,35,19200.199,13349.7,8759.33,11946.7,Synapse,,Yes,1347.809,327.157,33,37,PreSyn,WSS_031.03,WSS_031.03.T3.01.Zs.4C,B017,Noise,32,16,0.5715850916224104,NA,0.5431235431235432
710,37,88.841,20.683,9.543,0.395,1435.231,334.142,28,21345.0,10900.9,5254.85,5456.1,Synapse,,Yes,1419.076,317.987,26,30,PreSyn,WSS_031.03,WSS_031.03.T3.01.Zs.4C,B017,Noise,32,16,0.2610449260800919,NA,0.9207459207459208
711,38,88.57,22.41,10.333,0.223,1430.855,362.029,30,19551.801,11838.6,12517.3,3976.11,Synapse,,Yes,1414.7,345.874,28,32,PreSyn,WSS_031.03,WSS_031.03.T3.01.Zs.4C,B017,Noise,32,16,0.1902353954356251,NA,0.5198135198135199
712,39,90.029,22.326,9.141,0.89,1454.423,360.687,27,30386.9,8436.36,8262.36,2920.41,Synapse,,Yes,1438.268,344.532,25,29,PreSyn,WSS_031.03,WSS_031.03.T3.01.Zs.4C,B017,Noise,32,16,0.13972585043777808,NA,2.0745920745920747
713,40,90.155,23.475,9.076,0.368,1456.469,379.234,27,23048.699,11686.6,13306.7,2385.27,Synapse,,Yes,1440.314,363.079,25,29,PreSyn,WSS_031.03,WSS_031.03.T3.01.Zs.4C,B017,Noise,32,16,0.11412229079948327,NA,0.8578088578088578
714,41,94.609,20.416,11.008,0.273,1528.41,329.829,32,19197.6,8064.67,6191.33,10436.4,Synapse,,Yes,1512.255,313.674,30,34,PreSyn,WSS_031.03,WSS_031.03.T3.01.Zs.4C,B017,Noise,32,16,0.499325391129611,NA,0.6363636363636365
715,42,92.657,23.773,9.141,0.179,1496.887,384.061,27,18575.801,11748.5,15963.4,2791.3,Synapse,,Yes,1480.732,367.906,25,29,PreSyn,WSS_031.03,WSS_031.03.T3.01.Zs.4C,B017,Noise,32,16,0.13354863403664896,NA,0.4172494172494172
716,43,96.877,21.009,8.443,0.446,1565.05,339.399,25,23144.699,8863.92,4493.4,2477.35,Synapse,,Yes,1548.895,323.244,23,27,PreSyn,WSS_031.03,WSS_031.03.T3.01.Zs.4C,B017,Noise,32,16,0.11852782163532845,NA,1.0396270396270397
717,44,96.485,21.32,10.395,0.391,1558.719,344.431,31,22019.1,9455.09,11684.9,11837.9,Synapse,,Yes,1542.564,328.276,29,33,PreSyn,WSS_031.03,WSS_031.03.T3.01.Zs.4C,B017,Noise,32,16,0.5663795990622458,NA,0.9114219114219114
718,45,102.136,17.563,8.096,0.239,1650.016,283.738,24,18970.801,11280.0,6029.01,2214.2,Synapse,,Yes,1633.861,267.583,22,26,PreSyn,WSS_031.03,WSS_031.03.T3.01.Zs.4C,B017,Noise,32,16,0.10593751495143772,NA,0.5571095571095571
719,46,98.407,22.689,5.284,0.356,1589.767,366.54,16,21745.6,15177.1,6368.32,2249.67,Synapse,,Yes,1573.612,350.385,14,18,PreSyn,WSS_031.03,WSS_031.03.T3.01.Zs.4C,B017,Noise,32,16,0.10763456293957227,NA,0.8298368298368298
720,47,95.589,22.114,17.216,0.228,1544.244,357.254,51,17827.9,9200.53,15167.7,10320.1,Synapse,,Yes,1528.089,341.099,49,53,PreSyn,WSS_031.03,WSS_031.03.T3.01.Zs.4C,B017,Noise,32,16,0.4937610640639204,NA,0.5314685314685315
721,48,95.905,22.52,15.314,0.252,1549.354,363.817,45,19356.5,11834.3,19546.5,8453.5,Synapse,,Yes,1533.199,347.662,43,47,PreSyn,WSS_031.03,WSS_031.03.T3.01.Zs.4C,B017,Noise,32,16,0.40445433232859673,NA,0.5874125874125874
722,49,97.96,21.462,12.952,0.17,1582.557,346.716,38,17937.199,9118.09,10207.4,2716.79,Synapse,,Yes,1566.402,330.561,36,40,PreSyn,WSS_031.03,WSS_031.03.T3.01.Zs.4C,B017,Noise,32,16,0.1299837328357495,NA,0.3962703962703963
723,50,99.912,23.394,6.273,0.171,1614.084,377.934,18,17442.801,17056.699,10742.1,2359.48,Synapse,,Yes,1597.929,361.779,16,20,PreSyn,WSS_031.03,WSS_031.03.T3.01.Zs.4C,B017,Noise,32,16,0.11288837854648102,NA,0.39860139860139865
724,51,102.766,21.69,7.277,0.976,1660.194,350.409,21,32263.9,9756.89,5246.49,5047.48,Synapse,,Yes,1644.039,334.254,19,23,PreSyn,WSS_031.03,WSS_031.03.T3.01.Zs.4C,B017,Noise,32,16,0.24149466532701783,NA,2.275058275058275
725,52,104.894,17.481,12.54,0.152,1694.572,282.401,37,16952.801,7160.2,4183.7,2398.87,Synapse,,Yes,1678.417,266.246,35,39,PreSyn,WSS_031.03,WSS_031.03.T3.01.Zs.4C,B017,Noise,32,16,0.11477297736950384,NA,0.3543123543123543
726,53,102.81,22.196,10.684,0.599,1660.905,358.575,31,28283.699,12923.5,11770.7,2788.3,Synapse,,Yes,1644.75,342.42,29,33,PreSyn,WSS_031.03,WSS_031.03.T3.01.Zs.4C,B017,Noise,32,16,0.13340510023443855,NA,1.3962703962703962
727,54,106.954,20.177,9.874,0.174,1727.851,325.96,29,16416.801,8576.34,4655.7,2586.24,Synapse,,Yes,1711.696,309.805,27,31,PreSyn,WSS_031.03,WSS_031.03.T3.01.Zs.4C,B017,Noise,32,16,0.12373762020955933,NA,0.40559440559440557
728,55,102.279,23.996,13.327,0.26,1652.326,387.662,39,18892.301,11198.6,21034.9,6694.97,Synapse,,Yes,1636.171,371.507,37,41,PreSyn,WSS_031.03,WSS_031.03.T3.01.Zs.4C,B017,Noise,32,16,0.32031816659489976,NA,0.6060606060606061
729,56,109.385,19.088,8.8,0.185,1767.124,308.368,26,17212.1,11723.9,4672.96,2181.54,Synapse,,Yes,1750.969,292.213,24,28,PreSyn,WSS_031.03,WSS_031.03.T3.01.Zs.4C,B017,Noise,32,16,0.10437491029137362,NA,0.43123543123543123
730,57,102.918,23.832,16.665,0.522,1662.649,385.003,49,24742.199,6747.85,16076.3,5211.25,Unpaired,,Yes,1646.494,368.848,47,51,PreSyn,WSS_031.03,WSS_031.03.T3.01.Zs.4C,B017,Noise,32,16,0.2493301755896847,NA,1.2167832167832169
731,58,106.915,22.777,8.598,0.225,1727.221,367.963,25,18551.801,8649.79,4775.35,2334.94,Synapse,,Yes,1711.066,351.808,23,27,PreSyn,WSS_031.03,WSS_031.03.T3.01.Zs.4C,B017,Noise,32,16,0.11171427204439979,NA,0.5244755244755245
732,60,108.668,21.251,13.21,0.514,1755.541,343.309,39,24629.9,10022.7,11691.6,5713.96,Synapse,,Yes,1739.386,327.154,37,41,PreSyn,WSS_031.03,WSS_031.03.T3.01.Zs.4C,B017,Noise,32,16,0.27338213482608487,NA,1.1981351981351982
733,61,113.08,18.505,9.431,0.277,1826.817,298.953,28,19443.801,12863.6,4893.67,2331.54,Synapse,,Yes,1810.662,282.798,26,30,PreSyn,WSS_031.03,WSS_031.03.T3.01.Zs.4C,B017,Noise,32,16,0.11155160040189464,NA,0.6456876456876458
734,62,108.518,24.52,8.219,0.748,1753.118,396.116,24,26480.6,5402.55,6295.79,2369.86,Synapse,,Yes,1736.963,379.961,22,26,PreSyn,WSS_031.03,WSS_031.03.T3.01.Zs.4C,B017,Noise,32,16,0.11338500550212909,NA,1.7435897435897436
735,63,110.136,22.823,12.288,0.339,1779.257,368.716,36,19750.1,11691.6,8485.22,3042.14,Synapse,,Yes,1763.102,352.561,34,38,PreSyn,WSS_031.03,WSS_031.03.T3.01.Zs.4C,B017,Noise,32,16,0.1455499736854696,NA,0.7902097902097903
736,64,113.414,23.192,7.277,0.228,1832.213,374.67,21,18217.4,12687.9,5784.88,2201.09,Synapse,,Yes,1816.058,358.515,19,23,PreSyn,WSS_031.03,WSS_031.03.T3.01.Zs.4C,B017,Noise,32,16,0.1053102722357782,NA,0.5314685314685315
737,65,111.611,24.945,7.283,0.107,1803.086,402.984,21,16837.9,17043.1,9281.75,2397.09,Synapse,,Yes,1786.931,386.829,19,23,PreSyn,WSS_031.03,WSS_031.03.T3.01.Zs.4C,B017,Noise,32,16,0.11468781398019234,NA,0.2494172494172494
738,66,116.766,22.291,5.821,0.26,1886.365,360.105,17,19984.5,15845.5,3796.36,2183.36,Synapse,,Yes,1870.21,343.95,15,19,PreSyn,WSS_031.03,WSS_031.03.T3.01.Zs.4C,B017,Noise,32,16,0.1044619874647146,NA,0.6060606060606061
739,69,115.378,25.123,8.6,0.824,1863.942,405.861,25,30090.6,10332.6,9676.42,13384.1,Synapse,,Yes,1847.787,389.706,23,27,PreSyn,WSS_031.03,WSS_031.03.T3.01.Zs.4C,B017,Noise,32,16,0.6403569207214966,NA,1.9207459207459208
740,70,117.162,24.936,5.174,0.753,1892.763,402.842,15,30486.301,12038.0,3164.13,2119.71,Synapse,,Yes,1876.608,386.687,13,17,PreSyn,WSS_031.03,WSS_031.03.T3.01.Zs.4C,B017,Noise,32,16,0.10141667862781685,NA,1.7552447552447552
741,79,60.104,20.108,8.861,0.415,970.984,324.848,26,22048.9,11346.6,7659.76,6929.96,Synapse,,Yes,954.829,308.693,24,28,PreSyn,WSS_031.03,WSS_031.03.T3.01.Zs.4C,B017,Noise,32,16,0.331561169322042,NA,0.9673659673659674
742,80,56.619,20.368,15.451,0.173,914.685,329.042,45,19290.1,6842.48,15234.9,2803.99,Unpaired,,Yes,898.53,312.887,43,47,PreSyn,WSS_031.03,WSS_031.03.T3.01.Zs.4C,B017,Noise,32,16,0.13415578201999903,NA,0.40326340326340326
743,81,58.186,19.587,10.504,0.717,940.005,316.43,31,30068.301,11214.1,7799.34,2997.65,Synapse,,Yes,923.85,300.275,29,33,PreSyn,WSS_031.03,WSS_031.03.T3.01.Zs.4C,B017,Noise,32,16,0.14342136739868908,NA,1.6713286713286712
744,82,55.655,18.793,13.369,0.214,899.116,303.603,39,20819.301,10935.9,8540.96,3106.71,Synapse,,Yes,882.961,287.448,37,41,PreSyn,WSS_031.03,WSS_031.03.T3.01.Zs.4C,B017,Noise,32,16,0.1486392995550452,NA,0.4988344988344988
745,83,55.395,18.855,10.151,0.633,894.916,304.609,30,23758.6,8534.48,7044.44,9758.78,Synapse,,Yes,878.761,288.454,28,32,PreSyn,WSS_031.03,WSS_031.03.T3.01.Zs.4C,B017,Noise,32,16,0.466904932778336,NA,1.4755244755244756
746,84,56.248,16.44,11.24,0.201,908.683,265.593,33,18225.4,8921.27,4088.52,6745.99,Synapse,,Yes,892.528,249.438,31,35,PreSyn,WSS_031.03,WSS_031.03.T3.01.Zs.4C,B017,Noise,32,16,0.32275919812449166,NA,0.46853146853146854
747,85,53.753,18.408,12.596,0.38,868.378,297.388,37,24097.9,12140.5,10614.0,20901.0,Synapse,,Yes,852.223,281.233,35,39,PreSyn,WSS_031.03,WSS_031.03.T3.01.Zs.4C,B017,Noise,32,16,1.0,NA,0.8857808857808858
748,86,51.949,19.187,11.759,0.264,839.237,309.971,35,19021.4,14302.8,14322.3,17551.301,Synapse,,Yes,823.082,293.816,33,37,PreSyn,WSS_031.03,WSS_031.03.T3.01.Zs.4C,B017,Noise,32,16,0.8397349887565188,NA,0.6153846153846154
749,87,52.584,18.143,7.034,0.427,849.506,293.105,21,22860.9,6627.38,6262.14,2515.08,Synapse,,Yes,833.351,276.95,19,23,PreSyn,WSS_031.03,WSS_031.03.T3.01.Zs.4C,B017,Noise,32,16,0.12033299842112817,NA,0.9953379953379954
750,89,53.509,15.969,8.015,0.263,864.446,257.989,24,19619.5,14728.1,7392.17,2220.13,Synapse,,Yes,848.291,241.834,22,26,PreSyn,WSS_031.03,WSS_031.03.T3.01.Zs.4C,B017,Noise,32,16,0.106221233433807,NA,0.6130536130536131
751,90,47.427,20.826,8.936,0.602,766.186,336.447,26,27603.1,12666.6,7702.3,2454.42,Synapse,,Yes,750.031,320.292,24,28,PreSyn,WSS_031.03,WSS_031.03.T3.01.Zs.4C,B017,Noise,32,16,0.11743074494043347,NA,1.4032634032634033
752,91,56.096,11.606,9.188,0.21,906.236,187.493,27,18729.9,11979.6,5363.55,2210.71,Synapse,,Yes,890.081,171.338,25,29,PreSyn,WSS_031.03,WSS_031.03.T3.01.Zs.4C,B017,Noise,32,16,0.10577053729486628,NA,0.4895104895104895
753,92,46.08,21.618,9.078,0.197,744.42,349.236,27,19502.5,15472.8,6325.04,7878.05,Synapse,,Yes,728.265,333.081,25,29,PreSyn,WSS_031.03,WSS_031.03.T3.01.Zs.4C,B017,Noise,32,16,0.37692215683460123,NA,0.45920745920745926
754,93,48.106,18.499,10.325,0.364,777.152,298.856,30,20890.0,10551.6,10516.0,2270.59,Synapse,,Yes,760.997,282.701,28,32,PreSyn,WSS_031.03,WSS_031.03.T3.01.Zs.4C,B017,Noise,32,16,0.10863547198698628,NA,0.8484848484848485
755,94,44.632,22.208,9.314,0.124,721.042,358.771,27,17483.801,4071.81,7249.21,3425.22,Unpaired,,Yes,704.887,342.616,25,29,PreSyn,WSS_031.03,WSS_031.03.T3.01.Zs.4C,B017,Noise,32,16,0.16387828333572554,NA,0.289044289044289
756,95,45.542,22.435,5.591,0.257,735.733,362.439,16,19577.0,14041.2,7508.87,2653.78,Synapse,,Yes,719.578,346.284,14,18,PreSyn,WSS_031.03,WSS_031.03.T3.01.Zs.4C,B017,Noise,32,16,0.1269690445433233,NA,0.5990675990675991
757,96,47.956,17.735,11.472,0.117,774.729,286.509,34,18502.301,4882.83,5995.95,2181.43,Unpaired,,Yes,758.574,270.354,32,36,PreSyn,WSS_031.03,WSS_031.03.T3.01.Zs.4C,B017,Noise,32,16,0.10436964738529256,NA,0.27272727272727276
758,97,42.453,21.107,12.279,0.185,685.835,340.985,36,19415.9,7638.0,19455.1,10113.9,Unpaired,,Yes,669.68,324.83,34,38,PreSyn,WSS_031.03,WSS_031.03.T3.01.Zs.4C,B017,Noise,32,16,0.4838955073919908,NA,0.43123543123543123
759,98,48.882,15.458,9.271,0.121,789.701,249.724,27,16398.5,12938.3,5347.17,2136.51,Synapse,,Yes,773.546,233.569,25,29,PreSyn,WSS_031.03,WSS_031.03.T3.01.Zs.4C,B017,Noise,32,16,0.10222046792019522,NA,0.28205128205128205
760,99,43.078,22.46,5.396,0.244,695.934,362.837,16,19180.9,5560.57,5869.62,2494.75,Synapse,,Yes,679.779,346.682,14,18,PreSyn,WSS_031.03,WSS_031.03.T3.01.Zs.4C,B017,Noise,32,16,0.11936031768814889,NA,0.5687645687645687
761,100,42.364,20.046,12.69,0.688,684.394,323.847,37,27890.4,13816.7,21450.0,14321.8,Synapse,,Yes,668.239,307.692,35,39,PreSyn,WSS_031.03,WSS_031.03.T3.01.Zs.4C,B017,Noise,32,16,0.6852208028324003,NA,1.6037296037296036
762,101,38.971,21.049,16.887,0.165,629.585,340.042,50,17680.5,11237.3,22565.9,12218.3,Synapse,,Yes,613.43,323.887,48,52,PreSyn,WSS_031.03,WSS_031.03.T3.01.Zs.4C,B017,Noise,32,16,0.5845796851825271,NA,0.38461538461538464
763,102,41.514,20.999,10.597,0.176,670.664,339.242,31,18662.9,12299.2,15423.2,9192.29,Synapse,,Yes,654.509,323.087,29,33,PreSyn,WSS_031.03,WSS_031.03.T3.01.Zs.4C,B017,Noise,32,16,0.4398014449069423,NA,0.41025641025641024
764,103,40.118,21.341,9.513,0.21,648.103,344.769,28,19199.801,16686.5,10978.0,3344.41,Synapse,,Yes,631.948,328.614,26,30,PreSyn,WSS_031.03,WSS_031.03.T3.01.Zs.4C,B017,Noise,32,16,0.1600119611501842,NA,0.4895104895104895
765,104,38.384,21.548,10.928,0.101,620.095,348.105,32,16072.7,21047.5,17662.1,4756.94,Synapse,,Yes,603.94,331.95,30,34,PreSyn,WSS_031.03,WSS_031.03.T3.01.Zs.4C,B017,Noise,32,16,0.22759389502894598,NA,0.23543123543123545
766,105,41.321,21.061,4.617,0.306,667.552,340.244,14,18466.9,16418.699,6723.56,2325.91,Synapse,,Yes,651.397,324.089,12,16,PreSyn,WSS_031.03,WSS_031.03.T3.01.Zs.4C,B017,Noise,32,16,0.11128223529974642,NA,0.7132867132867133
767,106,37.32,20.943,12.034,0.136,602.903,338.342,35,18632.6,13786.3,13909.1,12887.9,Synapse,,Yes,586.748,322.187,33,37,PreSyn,WSS_031.03,WSS_031.03.T3.01.Zs.4C,B017,Noise,32,16,0.616616429835893,NA,0.31701631701631705
768,107,37.634,20.165,10.956,0.141,607.976,325.764,32,16825.9,14683.9,15093.3,2659.1,Synapse,,Yes,591.821,309.609,30,34,PreSyn,WSS_031.03,WSS_031.03.T3.01.Zs.4C,B017,Noise,32,16,0.1272235778192431,NA,0.32867132867132864
769,108,41.936,16.622,4.832,0.446,677.483,268.522,14,22594.699,17363.6,6053.81,2415.96,Synapse,,Yes,661.328,252.367,12,16,PreSyn,WSS_031.03,WSS_031.03.T3.01.Zs.4C,B017,Noise,32,16,0.11559064159609589,NA,1.0396270396270397
770,109,36.282,18.116,14.125,0.37,586.136,292.669,42,21725.6,10715.4,15412.7,2781.71,Synapse,,Yes,569.981,276.514,40,44,PreSyn,WSS_031.03,WSS_031.03.T3.01.Zs.4C,B017,Noise,32,16,0.13308980431558298,NA,0.8624708624708625
771,110,39.415,16.675,6.912,0.182,636.745,269.389,20,20022.4,16493.199,5287.44,2416.85,Synapse,,Yes,620.59,253.234,18,22,PreSyn,WSS_031.03,WSS_031.03.T3.01.Zs.4C,B017,Noise,32,16,0.11563322329075164,NA,0.42424242424242425
772,111,36.323,17.58,12.001,0.437,586.796,284.0,35,21861.301,10834.3,6536.74,9682.27,Synapse,,Yes,570.641,267.845,33,37,PreSyn,WSS_031.03,WSS_031.03.T3.01.Zs.4C,B017,Noise,32,16,0.4632443423759629,NA,1.0186480186480187
773,112,35.009,19.208,10.862,0.514,565.578,310.307,32,23530.0,6506.02,8484.71,2935.82,Unpaired,,Yes,549.423,294.152,30,34,PreSyn,WSS_031.03,WSS_031.03.T3.01.Zs.4C,B017,Noise,32,16,0.1404631357351323,NA,1.1981351981351982
774,113,36.651,18.012,7.621,0.28,592.094,290.989,22,19150.1,11877.2,4363.13,8645.43,Synapse,,Yes,575.939,274.834,20,24,PreSyn,WSS_031.03,WSS_031.03.T3.01.Zs.4C,B017,Noise,32,16,0.4136371465480121,NA,0.6526806526806528
775,114,31.885,21.683,8.958,0.756,515.099,350.283,26,26344.4,10882.6,11796.5,3257.28,Synapse,,Yes,498.944,334.128,24,28,PreSyn,WSS_031.03,WSS_031.03.T3.01.Zs.4C,B017,Noise,32,16,0.15584326108798624,NA,1.7622377622377623
776,115,29.814,20.526,11.487,0.19,481.646,331.606,34,18018.4,9264.02,10473.3,11721.9,Synapse,,Yes,465.491,315.451,32,36,PreSyn,WSS_031.03,WSS_031.03.T3.01.Zs.4C,B017,Noise,32,16,0.5608296253767762,NA,0.4428904428904429
777,116,31.584,19.871,7.707,0.268,510.246,321.019,23,19143.5,14467.1,6754.89,2445.08,Synapse,,Yes,494.091,304.864,21,25,PreSyn,WSS_031.03,WSS_031.03.T3.01.Zs.4C,B017,Noise,32,16,0.1169838763695517,NA,0.6247086247086248
778,119,30.942,18.64,8.131,0.272,499.876,301.126,24,19795.6,15730.1,6060.19,2670.59,Synapse,,Yes,483.721,284.971,22,26,PreSyn,WSS_031.03,WSS_031.03.T3.01.Zs.4C,B017,Noise,32,16,0.12777331228170902,NA,0.6340326340326341
779,120,28.031,21.782,7.612,0.477,452.84,351.895,22,22538.5,10695.2,7371.99,2580.84,Synapse,,Yes,436.685,335.74,20,24,PreSyn,WSS_031.03,WSS_031.03.T3.01.Zs.4C,B017,Noise,32,16,0.1234792593655806,NA,1.1118881118881119
780,121,28.37,19.601,6.641,0.277,458.315,316.654,20,20743.301,10940.9,6856.95,2241.96,Synapse,,Yes,442.16,300.499,18,22,PreSyn,WSS_031.03,WSS_031.03.T3.01.Zs.4C,B017,Noise,32,16,0.10726568106789149,NA,0.6456876456876458
781,122,24.946,22.767,7.106,0.482,403.005,367.806,21,23003.199,11813.8,5485.81,7390.77,Synapse,,Yes,386.85,351.651,19,23,PreSyn,WSS_031.03,WSS_031.03.T3.01.Zs.4C,B017,Noise,32,16,0.35360843978757,NA,1.1235431235431235
782,123,26.173,19.491,10.928,0.194,422.829,314.884,32,18047.699,14020.4,9731.09,19479.199,Synapse,,Yes,406.674,298.729,30,34,PreSyn,WSS_031.03,WSS_031.03.T3.01.Zs.4C,B017,Noise,32,16,0.9319744988278073,NA,0.4522144522144522
783,124,29.163,16.174,8.67,0.111,471.134,261.297,26,16657.301,10731.6,3371.24,2198.82,Synapse,,Yes,454.979,245.142,24,28,PreSyn,WSS_031.03,WSS_031.03.T3.01.Zs.4C,B017,Noise,32,16,0.10520166499210565,NA,0.25874125874125875
784,126,25.304,19.906,4.261,0.312,408.793,321.59,13,22735.301,18945.301,4545.6,2177.41,Synapse,,Yes,392.638,305.435,11,15,PreSyn,WSS_031.03,WSS_031.03.T3.01.Zs.4C,B017,Noise,32,16,0.1041773120903306,NA,0.7272727272727273
785,127,18.87,23.851,11.045,0.667,304.84,385.31,32,25747.1,7354.75,9671.46,13404.7,Synapse,,Yes,288.685,369.155,30,34,PreSyn,WSS_031.03,WSS_031.03.T3.01.Zs.4C,B017,Noise,32,16,0.6413425194966749,NA,1.5547785547785549
786,128,21.453,19.868,11.664,0.468,346.577,320.964,34,23879.0,6099.0,13763.1,2680.35,Unpaired,,Yes,330.422,304.809,32,36,PreSyn,WSS_031.03,WSS_031.03.T3.01.Zs.4C,B017,Noise,32,16,0.12824027558490023,NA,1.090909090909091
787,129,25.95,16.817,5.497,0.371,419.223,271.682,16,21900.301,15806.1,5297.19,2315.15,Synapse,,Yes,403.068,255.527,14,18,PreSyn,WSS_031.03,WSS_031.03.T3.01.Zs.4C,B017,Noise,32,16,0.11076742739581838,NA,0.8648018648018648
788,130,18.294,21.036,13.193,0.156,295.533,339.834,39,17721.1,8316.55,8990.83,8713.51,Synapse,,Yes,279.378,323.679,37,41,PreSyn,WSS_031.03,WSS_031.03.T3.01.Zs.4C,B017,Noise,32,16,0.41689440696617386,NA,0.36363636363636365
789,131,20.021,19.036,12.894,0.104,323.448,307.525,38,16530.0,8155.43,12216.0,2290.51,Synapse,,Yes,307.293,291.37,36,40,PreSyn,WSS_031.03,WSS_031.03.T3.01.Zs.4C,B017,Noise,32,16,0.10958853643366347,NA,0.24242424242424243
790,132,15.165,23.549,11.792,0.159,244.99,380.439,35,18500.801,11384.3,13468.3,12961.8,Synapse,,Yes,228.835,364.284,33,37,PreSyn,WSS_031.03,WSS_031.03.T3.01.Zs.4C,B017,Noise,32,16,0.6201521458303431,NA,0.3706293706293706
791,133,15.04,22.583,13.512,0.435,242.968,364.824,40,22324.6,13535.5,19074.199,17848.1,Synapse,,Yes,226.813,348.669,38,42,PreSyn,WSS_031.03,WSS_031.03.T3.01.Zs.4C,B017,Noise,32,16,0.8539352184106023,NA,1.013986013986014
792,134,19.358,19.565,7.048,0.233,312.737,316.069,21,19335.801,16565.699,6383.61,2357.72,Synapse,,Yes,296.582,299.914,19,23,PreSyn,WSS_031.03,WSS_031.03.T3.01.Zs.4C,B017,Noise,32,16,0.11280417204918423,NA,0.5431235431235432
793,135,20.097,18.205,6.712,0.229,324.667,294.108,20,19652.5,13182.8,6002.38,2398.76,Synapse,,Yes,308.512,277.953,18,22,PreSyn,WSS_031.03,WSS_031.03.T3.01.Zs.4C,B017,Noise,32,16,0.1147677144634228,NA,0.5337995337995338
794,136,22.593,14.595,7.31,0.134,364.985,235.79,21,16828.0,17230.4,6674.1,2538.28,Synapse,,Yes,348.83,219.635,19,23,PreSyn,WSS_031.03,WSS_031.03.T3.01.Zs.4C,B017,Noise,32,16,0.1214429931582221,NA,0.3123543123543124
795,137,17.352,18.851,10.226,0.229,280.321,304.543,30,19494.6,8903.86,4903.71,9865.79,Synapse,,Yes,264.166,288.388,28,32,PreSyn,WSS_031.03,WSS_031.03.T3.01.Zs.4C,B017,Noise,32,16,0.4720247835031817,NA,0.5337995337995338
796,138,13.786,21.675,9.971,0.132,222.716,350.158,29,16815.301,15406.8,8446.78,13686.9,Synapse,,Yes,206.561,334.003,27,31,PreSyn,WSS_031.03,WSS_031.03.T3.01.Zs.4C,B017,Noise,32,16,0.6548442658246016,NA,0.3076923076923077
797,139,13.052,21.47,10.853,0.143,210.863,346.856,32,17882.699,12017.4,9208.83,9921.32,Synapse,,Yes,194.708,330.701,30,34,PreSyn,WSS_031.03,WSS_031.03.T3.01.Zs.4C,B017,Noise,32,16,0.47468159418209654,NA,0.3333333333333333
798,140,13.598,22.42,6.348,0.299,219.679,362.204,19,20070.1,13577.8,11062.7,3831.01,Synapse,,Yes,203.524,346.049,17,21,PreSyn,WSS_031.03,WSS_031.03.T3.01.Zs.4C,B017,Noise,32,16,0.18329314386871443,NA,0.6969696969696969
799,141,12.049,23.058,8.506,0.144,194.648,372.502,25,17098.0,8320.47,11825.8,6350.31,Synapse,,Yes,178.493,356.347,23,27,PreSyn,WSS_031.03,WSS_031.03.T3.01.Zs.4C,B017,Noise,32,16,0.30382804650495193,NA,0.3356643356643356
800,142,15.293,19.154,5.103,0.278,247.065,309.439,15,20009.301,12440.1,5915.45,2391.74,Synapse,,Yes,230.91,293.284,13,17,PreSyn,WSS_031.03,WSS_031.03.T3.01.Zs.4C,B017,Noise,32,16,0.11443184536625041,NA,0.6480186480186481
801,143,9.282,23.06,9.242,0.19,149.948,372.53,27,16682.199,4487.22,7284.89,2299.13,Unpaired,,Yes,133.793,356.375,25,29,PreSyn,WSS_031.03,WSS_031.03.T3.01.Zs.4C,B017,Noise,32,16,0.11000095689201474,NA,0.4428904428904429
802,144,6.749,21.831,14.219,0.258,109.033,352.683,42,19240.801,10762.3,24190.0,5450.2,Synapse,,Yes,92.878,336.528,40,44,PreSyn,WSS_031.03,WSS_031.03.T3.01.Zs.4C,B017,Noise,32,16,0.2607626429357447,NA,0.6013986013986015
803,145,13.524,17.463,4.798,0.293,218.475,282.118,14,17814.0,12878.6,5601.75,2248.45,Synapse,,Yes,202.32,265.963,12,16,PreSyn,WSS_031.03,WSS_031.03.T3.01.Zs.4C,B017,Noise,32,16,0.10757619252667336,NA,0.682983682983683
804,146,6.816,21.974,4.78,0.241,110.116,354.985,14,18420.9,15290.2,6658.16,2444.16,Synapse,,Yes,93.961,338.83,12,16,PreSyn,WSS_031.03,WSS_031.03.T3.01.Zs.4C,B017,Noise,32,16,0.11693985933687383,NA,0.5617715617715617
805,147,5.77,21.016,9.376,0.461,93.218,339.519,28,23466.699,11094.1,8223.75,10759.4,Synapse,,Yes,77.063,323.364,26,30,PreSyn,WSS_031.03,WSS_031.03.T3.01.Zs.4C,B017,Noise,32,16,0.5147791971675996,NA,1.0745920745920747
806,149,9.265,16.425,6.357,0.271,149.672,265.346,19,18942.801,10704.7,6643.42,2423.16,Synapse,,Yes,133.517,249.191,17,21,PreSyn,WSS_031.03,WSS_031.03.T3.01.Zs.4C,B017,Noise,32,16,0.11593512272140089,NA,0.6317016317016317
807,150,7.873,18.295,3.273,0.151,127.182,295.551,10,15778.2,13929.0,4027.09,2178.62,Synapse,,Yes,111.027,279.396,8,12,PreSyn,WSS_031.03,WSS_031.03.T3.01.Zs.4C,B017,Noise,32,16,0.10423520405722214,NA,0.351981351981352
808,157,22.903,22.541,9.764,0.334,370.0,364.144,29,19242.0,11777.1,11046.8,14670.9,Synapse,,Yes,353.845,347.989,27,31,PreSyn,WSS_031.03,WSS_031.03.T3.01.Zs.4C,B017,Noise,32,16,0.7019233529496196,NA,0.7785547785547786
809,159,30.616,19.214,13.591,0.166,494.611,310.409,40,16612.301,13899.1,19162.9,13510.3,Synapse,,Yes,478.456,294.254,38,42,PreSyn,WSS_031.03,WSS_031.03.T3.01.Zs.4C,B017,Noise,32,16,0.6463949093344815,NA,0.386946386946387
810,160,30.32,18.982,12.194,0.423,489.827,306.658,36,21369.9,11219.5,15323.6,6826.51,Synapse,,Yes,473.672,290.503,34,38,PreSyn,WSS_031.03,WSS_031.03.T3.01.Zs.4C,B017,Noise,32,16,0.3266116453758193,NA,0.986013986013986
811,161,22.764,22.865,8.176,0.376,367.758,369.385,24,24286.199,13674.0,15567.0,8709.55,Synapse,,Yes,351.603,353.23,22,26,PreSyn,WSS_031.03,WSS_031.03.T3.01.Zs.4C,B017,Noise,32,16,0.4167049423472561,NA,0.8764568764568764
812,162,22.312,22.958,8.135,0.45,360.446,370.895,24,25853.801,11844.9,11167.8,7555.71,Synapse,,Yes,344.291,354.74,22,26,PreSyn,WSS_031.03,WSS_031.03.T3.01.Zs.4C,B017,Noise,32,16,0.3614999282330989,NA,1.048951048951049
813,163,114.79,23.444,12.077,0.2,1854.443,378.746,36,17864.5,13501.6,12905.7,11359.9,Synapse,,Yes,1838.288,362.591,34,38,PreSyn,WSS_031.03,WSS_031.03.T3.01.Zs.4C,B017,Noise,32,16,0.5435098799100522,NA,0.46620046620046623
814,165,114.874,23.992,10.695,0.22,1855.8,387.593,31,19641.699,13409.4,14023.9,6936.84,Synapse,,Yes,1839.645,371.438,29,33,PreSyn,WSS_031.03,WSS_031.03.T3.01.Zs.4C,B017,Noise,32,16,0.33189034017511126,NA,0.5128205128205129
815,166,106.359,23.776,11.887,0.277,1718.239,384.1,35,30270.6,10433.3,9474.62,3260.71,Synapse,,Yes,1702.084,367.945,33,37,PreSyn,WSS_031.03,WSS_031.03.T3.01.Zs.4C,B017,Noise,32,16,0.15600736806851348,NA,0.6456876456876458
816,167,105.986,24.096,11.814,0.864,1712.213,389.268,35,32548.1,12167.1,11200.5,3597.79,Synapse,,Yes,1696.058,373.113,33,37,PreSyn,WSS_031.03,WSS_031.03.T3.01.Zs.4C,B017,Noise,32,16,0.17213482608487632,NA,2.013986013986014
